บริษัท บาเซโลนา มอเตอร์ จำกัด,299 หมู่ที่ 14 ถนนวิภาวดีรังสิต แขวงจอมพล,จตุจักร,02-9387777
บริษัท บาเซโลนา มอเตอร์ จำกัด,548 ถนนเพชรเกษม แขวงบางแคเหนือ,บางแค,02-0805888
บริษัท เพอร์ฟอร์แมนซ์ มอเตอร์ส,292 ถนนจรัญสนิทวงศ์ แขวงบางอ้อ,บางพลัด,02-8800999
บริษัท บาเซโลนา มอเตอร์ จำกัด,402 ถนนเชียงใหม่-ลำปาง ตำบลฟ้าฮ่าม,เมืองเชียงใหม่,053-306472
บริษัท ออโต้เทคนิค (ประเทศไทย),60/145 ถนนนวลจันทร์ แขวงคลองกุ่ม,บึงกุ่ม,02-5103628-9
บริษัท พระนคร ยนตรการ จำกัด,108 หมู่ที่ 2 แขวงลาดยาว,จตุจักร,02-5615000
บริษัท พระนคร ยนตรการ จำกัด,88 ถนนสุขาภิบาล 5 แขวงสายไหม,สายไหม,02-9918888
บริษัท เอ็ม.เค.ออโต้เซ็นเตอร์ จำกัด,45/580 หมู่ที่ 6 ถนนพระราม 2 แขวงแสมดำ,บางขุนเทียน,"02-4170300,02-"
บริษัท ออโต้เทคนิค (ประเทศไทย),1494 ถนนเพชรบุรีตัดใหม่ แขวงมักกะสัน,ราชเทวี,"02-2559300, 02-2559320"
บริษัท มงคลออโต้เซลส์ จำกัด,78/4 หมู่ที่ 4 ถนนรามอินทรา แขวงอนุสาวรีย์,บางเขน,"02-9708576-9, 087-0141629"
บริษัท รุ่งเจริญ คาร์ จำกัด,77/1 หมู่ที่ 1 ตำบลราชาเทวะ,บางพลี,02-3168899
บริษัท รุ่งเจริญ คาร์ จำกัด,123 หมู่ที่ 5 ถนนศรีนครินทร์ ตำบลบางเมือง,เมืองสมุทรปราการ,02-7031000
บริษัท รุ่งเจริญ คาร์ จำกัด,52 หมู่ที่ 1 ตำบลศีรษะจรเข้ใหญ่,บางเสาธง,02-7400799
บริษัท เอ็ม.เค.ออโต้วัน จำกัด,99/99 หมู่ที่ 13 ถนนกาญจนาภิเษก,บางบัวทอง,02-9227077
บริษัท ออโต้เทคนิค (ประเทศไทย),43/5 หมู่ที่ 2 ตำบลบ้านฉาง,เมืองปทุมธานี,02-5818521-7
บริษัท เอเลแกนซ์ ออโตโมบิล จำกัด,88/8 หมู่ที่ 2 ถนนกรุงเทพ-ปทุมธานี ตำบลบางหลวง,เมืองปทุมธานี,02-5813333
บริษัท พระนคร ยนตรการ จำกัด,88 หมู่ที่ 1 ตำบลคลองหนึ่ง,คลองหลวง,02-5163111
บริษัท ออโต้เทคนิค (ประเทศไทย),59/9 หมู่ที่ 12 ถนนบางนา-ตราด ตำบลบางปะกง,บางปะกง,038-532900-5
บริษัท รัตนหิรัญ ออโต้เซลส์ จำกัด,168 หมู่ 12 ตำบลพลับพลา,โชคชัย,"093-8795059,044-756696-7"
บริษัท ซีซีซีออโต้ จำกัด,779/13-16 ถนนชยางกูร ตำบลในเมือง,เมืองอุบลราชธานี,"085-6331414, 045-280888"
บริษัท อาร์.เอช. มอเตอร์สเซลส์,257/6 ถนนมิตรภาพ ตำบลในเมือง,เมืองขอนแก่น,043-241000
บริษัท อุดร ออโต้ ซิตี้ จำกัด,499 หมู่ที่ 3 ถนนรอบเมือง ตำบลหนองขอนกว้าง,เมืองอุดรธานี,042-292884-8
บริษัท เจริญมอเตอร์เบนซ์ จำกัด,3 ถนนรัตนโกสินทร์ ตำบลศรีภูมิ,เมืองเชียงใหม่,053-217652
บริษัท ชัยชนะมอเตอร์ (เชียงราย),111/6 หมู่ที่ 13 ตำบลสันทราย,เมืองเชียงราย,053-153999
บริษัท ทีวีแอล ออโต้,1351/2 หมู่ที่ 10 ถนนนครสวรรค์-พิษณุโลก,เมืองนครสวรรค์,"056-228124,089-5666406"
บริษัท มหาชัย ออโต้ บอดี้ เพ้นท์,32/8 หมู่ที่ 8 ตำบลท่าทราย,เมืองสมุทรสาคร,"034-410955,091-7989222"
บริษัท ทีวีแอล ออโต้,"89,89/1-2 หมู่ที่ 2 ตำบลวัดประดู่",เมืองสุราษฎร์ธานี,077-201301-4
บริษัท หาดใหญ่,151 หมู่ที่ 1 ถนนลพบุรีราเมศวร์ ตำบลคลองแห,หาดใหญ่,"074-427161-2,081- 5969561"
บริษัท ไทย วี.พี.ออโต้เซอร์วิส จำกัด,151 ถนนมาเจริญ แขวงหนองค้างพลู,หนองแขม,02-4206708-9
บริษัท อาร์เอ็มเอซิตี้มอเตอร์ส จำกัด,4330 ถนนพระรามที่ 4 แขวงพระโขนง,คลองเตย,062-4522308
บริษัท อาร์เอ็มเอซิตี้มอเตอร์ส จำกัด,34/9 ถนนกัลปพฤกษ์ แขวงบางขุนเทียน,จอมทอง,"02-4161555, 089-8129332"
บริษัท ออโต้ แกลเลอรี่ สุขุมวิท,23 ซอยสุขุมวิท 62 ถนนสุขุมวิท แขวงบางจาก,พระโขนง,"083-9932999,02-3320046-50"
บริษัท ดีเอ็นเอ บอดี้ แอนด์ เพ้นท์,1 ซอยพหลโยธิน 79 ถนนพหลโยธิน แขวงสนามบิน,ดอนเมือง,"02-5314499,061-4299408"
บริษัท นที ออโตโมบิล จำกัด,208 ถนนราชพฤกษ์ แขวงบางจาก,ภาษีเจริญ,02-4572288
บริษัท บางกอกออโตโมบิล จำกัด,466 ถนนศรีนครินทร์ แขวงหนองบอน,ประเวศ,02-7434600
บริษัท พีพีเอส.อินเตอร์กรุ๊ป จำกัด,214 ถนนรามอินทรา แขวงท่าแร้ง,บางเขน,02-5213333
บริษัท มงคลออโต้เซลส์ จำกัด,78/4 หมู่ที่ 4 ถนนรามอินทรา แขวงอนุสาวรีย์,บางเขน,"02-9708576-9, 087-0141629"
บริษัท อาร์เอ็มเอซิตี้มอเตอร์ส จำกัด,507/581 ถนนสาธุประดิษฐ์ แขวงช่องนนทรี,ยานนาวา,02-7136000
บริษัท รุ่งเจริญ คาร์ จำกัด,77/1 หมู่ที่ 1 ตำบลราชาเทวะ,บางพลี,02-3168899
บริษัท รุ่งเจริญ คาร์ จำกัด,52 หมู่ที่ 1 ตำบลศีรษะจรเข้ใหญ่,บางเสาธง,02-7400799
บริษัท รุ่งเจริญ คาร์ จำกัด,123 หมู่ที่ 5 ถนนศรีนครินทร์ ตำบลบางเมือง,เมืองสมุทรปราการ,02-7031000
บริษัท ที เอส ออโต้ เซลส์ จำกัด,83/5 หมู่ที่ 3 ถนนกาญจนาภิเษก ตำบลพิมลราช,บางบัวทอง,02-5711999
บริษัท ออโต้ แกลเลอรี่ บอดี้ เพ้นท์,111 หมู่ที่ 3 ตำบลบ้านฉาง,เมืองปทุมธานี,02-9758900
บริษัท ออโต้ แกลเลอรี่ สระบุรี,5/3 ถนนพหลโยธิน ตำบลปากเพรียว,เมืองสระบุรี,036-310551
บริษัท ชลบุรี ท็อป คาร์ จำกัด,70 หมู่ที่ 4 ตำบลห้วยกะปิ,เมืองชลบุรี,087-9420937
บริษัท ฑีฆเจริญ จำกัด,511 หมู่ที่ 1 ถนนมิตรภาพ ตำบลนาข่า,เมืองอุดรธานี,"042-218-188,099-208-"
บริษัท ฑีฆเจริญ จำกัด,756 หมู่ที่ 4 ถนนมิตรภาพ ตำบลบ้านจั่น,เมืองอุดรธานี,"042-292444, 099-0191117"
บริษัท ลัคกี้มอเตอร์ จำกัด,380/4 หมู่ที่ 1 ตำบลชมพู,เมืองลำปาง,054-250121
บริษัท สยามนิสสันอุตรดิตถ์ จำกัด,145 หมู่ที่ 8 ตำบลป่าเซ่า,เมืองอุตรดิตถ์,055-442127
บริษัท ช.เอราวัณนครปฐม จำกัด,1/2 หมู่ที่ 8 ตำบลอ้อมใหญ่,สามพราน,02-4311000
บริษัท อนุภาษและบุตร จำกัด,75/71 หมู่ที่ 1 ถนนพระภูเก็ตแก้ว ตำบลกะทู้,กะทู้,076-371888-9
บริษัท มิตรแท้-ชุมพร ยานยนต์,7/9 หมู่ที่ 3 ถนนเพชรเกษม ตำบลบ้านนา,เมืองชุมพร,077-534005
บริษัท พี.วี.เค.มอเตอร์ จำกัด,730 ถนนเพชรเกษม ตำบลหาดใหญ่,หาดใหญ่,"074-262640, 085-8944896"
บริษัท สุขุมวิท ฮอนด้า ออโตโมบิล,1319 ถนนสุขุมวิท แขวงพระโขนงเหนือ,วัฒนา,02-3916000
บริษัท แกรนด์ฮอนด้า ออโตโมบิล,845/1-2 ถนนลาดกระบัง แขวงลาดกระบัง,ลาดกระบัง,02-1812222
บริษัท ซัมมิท ฮอนด้า ออโตโมบิล,825 ถนนรามคำแหง แขวงหัวหมาก,บางกะปิ,02-7322680
บริษัท สุวินทวงศ์ ฮอนด้า,137 ถนนสุวินทวงศ์ แขวงแสนแสบ,มีนบุรี,02-9195222
บริษัท พระนครฮอนด้าออโตโมบิล,211 ถนนรามอินทรา แขวงอนุสาวรีย์,บางเขน,02-9411888
บริษัท นวมินทร์ฮอนด้า ออโตโมบิล,15/2-4 หมู่ที่ 7 ถนนนวมินทร์ แขวงคลองกุ่ม,บึงกุ่ม,02-5103389
บริษัท พระราม 3 ฮอนด้าคาร์ส์,358/1 ถนนพระราม 3 แขวงบางโคล่,บางคอแหลม,02-6893999
บริษัท รามอินทรา ฮอนด้า,9/9 ถนนคู้บอน แขวงบางชัน,คลองสามวา,02-1811540-2
บริษัท เตชะจรัส ฮอนด้า ออโตโมบิล,2701/8-9 ถนนลาดพร้าว แขวงคลองเจ้าคุณสิงห์,วังทองหลาง,02-9350000
บริษัท พระราม 3 ฮอนด้าคาร์ส์,707 ถนนพระราม 3 แขวงบางโพงพาง,ยานนาวา,02-2948118
บริษัท สุขาภิบาล 3 ฮอนด้า,99 แขวงสะพานสูง,สะพานสูง,02-3739999
บริษัท ซัมมิท ฮอนด้า ออโตโมบิล,"2754,2756 ซอยสุขุมวิท 66/1 ถนนสุขุมวิท",บางนา,02-3980205
บริษัท พระราม 3 กรุ๊ป ฮอนด้า,184 ถนนสุรวงศ์ แขวงสี่พระยา,บางรัก,02-3524333
บริษัท รามอินทรา ฮอนด้าคาร์ส์,88 ถนนรามอินทรา แขวงรามอินทรา,คันนายาว,02-5104545
บริษัท พระรามเก้า ฮอนด้าคาร์ส์,819 ถนนพระราม 9 แขวงบางกะปิ,ห้วยขวาง,02-7196830-9
บริษัท วอง ฮอนด้า คาร์ส์ จำกัด,999 ถนนพหลโยธิน แขวงสามเสนใน,พญาไท,02-2711717
บริษัท สาธร ฮอนด้าคาร์ส์ จำกัด,101 ถนนสุรศักดิ์ แขวงสีลม,บางรัก,02-6379080-99
บริษัท วอง ฮอนด้า คาร์ส์ จำกัด,1 ถนนสุขาภิบาล 5 แขวงออเงิน,สายไหม,02-1931122
บริษัท พระราม 3 กรุ๊ป ฮอนด้า,358 ถนนนราธิวาสราชนครินทร์ แขวงช่องนนทรี,ยานนาวา,02-2852244
บริษัท ปิ่นเกล้า ฮอนด้าคาร์ส์ จำกัด,22 ถนนบรมราชชนนี แขวงฉิมพลี,ตลิ่งชัน,02-8841875
บริษัท ยูไนเต็ด ฮอนด้า ออโตโมบิล,22 ถนนราชพฤกษ์ แขวงบางระมาด,ตลิ่งชัน,02-4322222
บริษัท เท็นฮอนด้าออโตโมบิล จำกัด,4141/41 ถนนพระรามที่ 4 แขวงพระโขนง,คลองเตย,"089-8955356, 02-3925555"
บริษัท ซัมมิท ฮอนด้า ออโตโมบิล,530 ถนนศรีนครินทร์ แขวงหนองบอน,ประเวศ,02-3988888
บริษัท ฮอนด้า พรีเมียร์ แพรกษา,995 หมู่ที่ 2 ตำบลแพรกษาใหม่,เมืองสมุทรปราการ,02-1362155
บริษัท ฮอนด้าคาร์ส์เทพารักษ์ จำกัด,199/1 หมู่ที่ 1 ตำบลเทพารักษ์,เมืองสมุทรปราการ,02-7575730-40
บริษัท ราชพฤกษ์ ฮอนด้า,222 หมู่ที่ 2 ถนนราชพฤกษ์ ตำบลบางรักน้อย,เมืองนนทบุรี,02-1957000
บริษัท วอง ฮอนด้า คาร์ส์ จำกัด,425 หมู่ที่ 1 ตำบลประชาธิปัตย์,ธัญบุรี,02-5322662
บริษัท ฮอนด้า เฟิร์ส จำกัด,848 ถนนเลียบคลองรังสิต ตำบลประชาธิปัตย์,ธัญบุรี,02-1505777
บริษัท คลองหลวงฮอนด้า,63 หมู่ที่ 7 ตำบลคลองสอง,คลองหลวง,02-5242144
บริษัท ปทุมธานี ฮอนด้าคาร์ส์ จำกัด,69 หมู่ที่ 3 ถนนกรุงเทพ-ปทุมธานี ตำบลบ้านฉาง,เมืองปทุมธานี,02-5817300-8
บริษัท ธัญบุีรีฮอนด้าคาร์ส์ จำกัด,9/3 หมู่ที่ 7 ตำบลลาดสวาย,ลำลูกกา,02-147-5252
บริษัท เคกรุ๊ป ฮอนด้าออโตโมบิล,8 หมู่ที่ 7 ตำบลลาดสวาย,ลำลูกกา,02-5328000
บริษัท ธัญบุรี ฮอนด้าคาร์ส์ จำกัด,139 หมู่ที่ 4 ถนนรังสิต-องครักษ์ ตำบลรังสิต,ธัญบุรี,02-9046591
บริษัท ฮอนด้าคาร์ส ชัยนาท จำกัด,704 หมู่ที่ 4 ตำบลบ้านกล้วย,เมืองชัยนาท,056-411715
บริษัท บายพาสชลบุรี ฮอนด้า,194 หมู่ที่ 10 ถนนบายพาสชลบุรี ตำบลบ้านสวน,เมืองชลบุรี,"038-2052415-5,086-3171704"
บริษัท สระแก้ว ฮอนด้าคาร์ส์ จำกัด,9/1 ถนนสุวรรณศร ตำบลสระแก้ว,เมืองสระแก้ว,037-242328
บริษัท โคราช ฮอนด้า ออโต้โมบิล,2998/2 ถนนมิตรภาพ ตำบลในเมือง,เมืองนครราชสีมา,044-282222
บริษัท อุบลพันธุ์ทอง จำกัด,385 หมู่ที่ 5 ถนนชยางกูร ตำบลขามใหญ่,เมืองอุบลราชธานี,089-7160007
บริษัท แมทริกซ์ ฮอนด้า ออโตโมบิล,101 หมู่ที่ 7 ตำบลหนองป่าครั่ง,เมืองเชียงใหม่,053-851000
บริษัท อุตรดิตถ์ ฮอนด้าคาร์ส์ จำกัด,222 ถนนพิษณุโลก-เด่นชัย ตำบลป่าเซ่า,เมืองอุตรดิตถ์,0 5544 1863-6
บริษัท อีซูซุนครหลวง จำกัด,122 หมู่ที่ 3 ถนนรัตนาธิเบศร์ ตำบลไทรม้า,เมืองนนทบุรี,02-9218650
บริษัท เลกซัส ออโต้ ซิตี้ จำกัด,14/459 หมู่ที่ 4 ถนนรามอินทรา แขวงอนุสาวรีย์,บางเขน,"083-0548828, 02-5211111"
บริษัท โตโยต้าเมืองนนท์ จำกัด,129 หมู่ที่ 6 ถนนชัยพฤกษ์ ตำบลคลองพระอุดม,ปากเกร็ด,"02-583-3939,02-9522999"
บริษัท บางกอกออโตโมบิล จำกัด,466 ถนนศรีนครินทร์ แขวงหนองบอน,ประเวศ,02-7434600
บริษัท เอ็ม.เค.ออโต้เอซ จำกัด,141/1 ถนนพระราม 2 แขวงแสมดำ,บางขุนเทียน,"02-4160808,081-7531880"
บริษัท มงคลออโต้เซลส์ จำกัด,78/4 หมู่ที่ 4 ถนนรามอินทรา แขวงอนุสาวรีย์,บางเขน,"02-9708576-9, 087-0141629"
บริษัท วี แอนด์ ซี ออโตโมบิล จำกัด,56 ถนนเทียมร่วมมิตร แขวงห้วยขวาง,ห้วยขวาง,02-8318900
บริษัท มาสด้า ซิตี้ จำกัด,2363/1 ถนนรามคำแหง(สุขุมวิท 71) แขวงหัวหมาก,บางกะปิ,"02-7185060,02-7136020"
บริษัท ซีจี ออโตโมบิล จำกัด,396/1 ถนนรามคำแหง แขวงสะพานสูง,สะพานสูง,02-3722255
บริษัท พระราม 7 กรุ๊ป จำกัด,1530 ถนนประชาราษฎร์ 1 แขวงวงศ์สว่าง,บางซื่อ,02-1193999
บริษัท เอ็ม ออโต้ การาจ จำกัด,15 ถนนบรมราชชนนี แขวงศาลาธรรมสพน์,ทวีวัฒนา,02-4479393
บริษัท ที.พี.เค.ออโต้ เพนท์ จำกัด,1557/1 ถนนกาญจนาภิเษก แขวงบางไผ่,บางแค,02-4545883-4
บริษัท อนุภาษและบุตร จำกัด,75/71 หมู่ที่ 1 ถนนพระภูเก็ตแก้ว ตำบลกะทู้,กะทู้,076-371888-9
บริษัท มิตรแท้ออโตโมบิล จำกัด,4/18 หมู่ที่ 1 ถนนเลี่ยงเมือง ตำบลบางกุ้ง,เมืองสุราษฎร์ธานี,077-600109
บริษัท ชูเกียรติยนต์ หาดใหญ่ จำกัด,4/4 หมู่ที่ 1 ตำบลเขารูปช้าง,เมืองสงขลา,074-447500
บริษัท ชูเกียรติยนต์ หาดใหญ่,108/2 หมู่ที่ 3 ตำบลคลองแห,หาดใหญ่,"089-6583291, 074-262222"
บริษัท ทีทีซี มอเตอร์ส จำกัด,2297 ถนนพัฒนาการ แขวงสวนหลวง,สวนหลวง,02-3228575
บริษัท เบนซ์ ตลิ่งชัน จำกัด,"134,136 ถนนบรมราชชนนี แขวงตลิ่งชัน",ตลิ่งชัน,"02-4334336, 02-4088377"
บริษัท เอ็มบีเอส ออโต้ เซ็นเตอร์,134 ถนนพระราม 2 แขวงแสมดำ,บางขุนเทียน,02-4160100-8
บริษัท เบนซ์บีเคเคกรุ๊ป จำกัด,3888 ถนนสุขุมวิท แขวงบางนา,บางนา,02-7452222
บริษัท สตาร์ แฟลก จำกัด,61 ถนนวิภาวดีรังสิต แขวงสามเสนใน,พญาไท,"081-9188992, 02-2486699"
บริษัท เบนซ์ ราชครู จำกัด,1195 ถนนพหลโยธิน แขวงสามเสนใน,พญาไท,02-6171212
บริษัท เอ็น.เค.เซอร์วิส เซ็นเตอร์,88/5 หมู่ที่ 19 ถนนกาญจนาภิเษก,ทวีวัฒนา,086-4147888
บริษัท เบนซ์ อุดรธานี จำกัด,155/5 หมู่ที่ 14 ตำบลหมากแข้ง,เมืองอุดรธานี,042-249416-22
บริษัท เจริญมอเตอร์เบนซ์ จำกัด,3 ถนนรัตนโกสินทร์ ตำบลศรีภูมิ,เมืองเชียงใหม่,053-217652
บริษัท พิษณุโลกนามทอง จำกัด,342/3 หมู่ที่ 7 ถนนมิตรภาพ ตำบลสมอแข,เมืองพิษณุโลก,"055-223999, 055-5224053-4"
บริษัท ที เอส ที เมอร์เซเดสเบนซ์,95 หมู่ที่ 5 ถนนทรงพล ตำบลหนองอ้อ,บ้านโป่ง,032-341564
บริษัท เบนซ์เพชรรัตน์ จำกัด,499 ถนนเพชรเกษม ตำบลห้วยจรเข้,เมืองนครปฐม,034-284381-4
บริษัท เอ็น.เค.ซี.อินเตอร์ จำกัด,154/1 ถนนรัชดาภิเษก แขวงบุคคโล,ธนบุรี,02-4769607-10
บริษัท เอ็น.เค.ซี.อินเตอร์ จำกัด,1213/28 ถนนสมเด็จพระเจ้าตากสิน แขวงบุคคโล,ธนบุรี,02-4769606
บริษัท เอ็น ซี อินเตอร์เนชั่นแนล,88/34 หมู่ที่ 6 ตำบลบางรักพัฒนา,บางบัวทอง,"02-1945280-3,095-5536199"
บริษัท เอ็น ซี อินเตอร์เนชั่นแนล,144/1-4 ถนนรัตนาธิเบศร์ ตำบลบางรักพัฒนา,บางบัวทอง,02-9266215-7
บริษัท เลอดิส คลองหลวง จำกัด,96/48 หมู่ที่7 ตำบลคลองสอง,คลองหลวง,02-9019706-7
บริษัท อยุธยา แกรนด์ เอ็มจี เซลส์,48/11 หมู่ที่ 7 ถนนสายเอเชีย ตำบลคลองสวนพลู,พระนครศรีอยุธยา,035-913888
บริษัท เบส ออโต้เซลส์ จำกัด,365 หมู่ที่ 3 ตำบลนาจอมเทียน,สัตหีบ,038-237117-8
บริษัท เอ็มจี.นครราชสีมา จำกัด,2300 ถนนมิตรภาพ ตำบลในเมือง,เมืองนครราชสีมา,"044-281111,086-"
บริษัท เอ็มจี อนันตภัณฑ์ ออโตเซลส์,409 หมู่ที่ 3 ตำบลบ้านเกาะ,เมืองนครราชสีมา,044-372244
บริษัท เอ็มจี ไฮเทค ทีแอนด์เอ็น,59 หมู่ที่ 1 ตำบลกระสัง,เมืองบุรีรัมย์,"044-690414 ,094-2910883"
บริษัท เอ็มจี ชัยภูมิ จำกัด,199 หมู่ที่ 7 ตำบลหนองนาแซง,เมืองชัยภูมิ,044-051717
บริษัท อาร์เฮงวัฒนา จำกัด,89 หมู่ที่ 12 ถนนมิตรภาพ ตำบลเมืองเก่า,เมืองขอนแก่น,"043-472313,084-6855044"
บริษัท เอ็มจี มอเตอร์ อุดรธานี,909 หมู่ที่ 4 ตำบลบ้านจั่น,เมืองอุดรธานี,"042-292755,042-292855"
บริษัท ร่วมใจเอ็มจีเมืองเลย จำกัด,91 ถนนมลิวรรณ ตำบลกุดป่อง,เมืองเลย,"042-814655,088-3397764"
บริษัท อารีมิตร เอ็มจี จำกัด,277 หมู่ที่ 13 ตำบลแก่งเลิงจาน,เมืองมหาสารคาม,"043-777457,095-1802929"
บริษัท อาร์ เอ็ม จี มอเตอร์ส จำกัด,222/29 ถนนนิตโย ตำบลธาตุเชิงชุม,เมืองสกลนคร,"042-716554,088-3400505"
บริษัท เอ็มจี รวมกิจ จำกัด,62/1 ถนนสารภาณนิมิตร ตำบลหนองญาติ,เมืองนครพนม,"042-512525,091-7536725"
บริษัท ทีโอเอ ออโต้ เซลส์ จำกัด,107 หมู่ที่ 7 ตำบลป่าแดด,เมืองเชียงใหม่,"089-7581816,053-296161"
บริษัทเอ็มจี จีทีเอ จำกัด,149/9 หมู่ที่ 5 ตำบลริมกก,เมืองเชียงราย,"053-166799, 088-2687429"
บริษัท ทีวีแอล ออโต้,1351/2 หมู่ที่ 10 ถนนนครสวรรค์-พิษณุโลก,เมืองนครสวรรค์,"056-228124,089-5666406"
บริษัท เอ็น.วี.เอ็ม.มอเตอร์เซลส์,159 หมู่ที่ 3 ตำบลท่าระหัด,เมืองสุพรรณบุรี,035-960351
บริษัท ไพร์ม ออโต้ จำกัด,235 หมู่ที่ 1 ตำบลยายชา,สามพราน,"034-966966,063-1909922"
บริษัท มหาชัย ออโต้ บอดี้ เพ้นท์,32/8 หมู่ที่ 8 ตำบลท่าทราย,เมืองสมุทรสาคร,"034-410955,091-7989222"
บริษัท ภูเก็ตปิยะ จำกัด,51/2 หมู่ที่ 1 ถนนเทพกระษัตรี ตำบลเกาะแก้ว,เมืองภูเก็ต,076-377860-3
บริษัท ทีวีแอล ออโต้,"89,89/1-2 หมู่ที่ 2 ตำบลวัดประดู่",เมืองสุราษฎร์ธานี,077-201301-4
บริษัท ชาญศิริ ออโต้เซลส์ จำกัด,62/11 หมู่ที่ 4 ถนนตรัง-ปะเหลียน ตำบลบ้านควน,เมืองตรัง,"075-228033-5,0896464730"
บริษัท สิทธิผลเซลส์ จำกัด,156 ถนนรามคำแหง แขวงหัวหมาก,บางกะปิ,02-7185312-5
บริษัท เอ็น.เค.ซี.อินเตอร์ จำกัด,154/1 ถนนรัชดาภิเษก แขวงบุคคโล,ธนบุรี,02-4769607-10
บริษัท สิทธิผลเซลส์ จำกัด,468 ถนนพระรามที่ 3 แขวงบางโคล่,บางคอแหลม,02-2921531-9
บริษัท มิตซูเมโทร จำกัด,288 ถนนหทัยราษฎร์ แขวงมีนบุรี,มีนบุรี,081-8688598
บริษัท เอ็น.เค.ซี.อินเตอร์ จำกัด,1213/28 ถนนสมเด็จพระเจ้าตากสิน แขวงบุคคโล,ธนบุรี,02-4769606
บริษัท เอ็น ซี อินเตอร์เนชั่นแนล,144/1-4 ถนนรัตนาธิเบศร์ ตำบลบางรักพัฒนา,บางบัวทอง,02-9266215-7
บริษัท แสงชัยมอเตอร์เซลส์ จำกัด,30 ถนนราชดำเนิน ตำบลศรีภูมิ,เมืองเชียงใหม่,"053-211381, 053-213017,"
บริษัท มิตซูเชียงใหม่ จำกัด,568/1 ถนนเชียงใหม่ -ลำปาง ตำบลท่าศาลา,เมืองเชียงใหม่,"053-432222, 086-1894670"
บริษัท แสงชัยมอเตอร์เซลส์ จำกัด,207 หมู่ที่ 1 ถนนเชียงใหม่-แม่โจ้ ตำบลฟ้าฮ่าม,เมืองเชียงใหม่,"053-262299, 053-2262444,"
บริษัท มิตซูเชียงใหม่ จำกัด,270/2 หมู่ที่ 1 ตำบลศาลา,เกาะคา,054-328069
บริษัท มิตซูล้านนาบอดี้เพ้นท์ จำกัด,88 หมู่ที่ 8 ตำบลนางแล,เมืองเชียงราย,"053-176666,089-4318989"
บริษัท ทีวีแอล ออโต้,1351/2 หมู่ที่ 10 ถนนนครสวรรค์-พิษณุโลก,เมืองนครสวรรค์,"056-228124,089-5666406"
บริษัท วี กรุ๊ป มิตซูออโต้เซลล์ จำกัด,999 หมู่ที่ 7 ตำบลสมอแข,เมืองพิษณุโลก,055-338777-9
บริษัท มิตซูออโต้เพชรบูรณ์ จำกัด,9/9 หมู่ที่ 5 ตำบลบ้านโตก,เมืองเพชรบูรณ์,097-2303717
บริษัท ตระการมอเตอร์ จำกัด,422 หมู่ที่ 3 ตำบลโคกหม้อ,เมืองราชบุรี,032-911111-3
บริษัท ช.เอรวัณร่วมทุนธุรกิจ จำกัด,31/2-7 หมู่ที่ 8 ถนนแสงชูโต ตำบลท่าไม้,ท่ามะกา,"034-566305-6, 089-8916525"
บริษัท มิตซูกาญจนบุรี จำกัด,133/1 ถนนแสงชูโตเหนือ ตำบลท่ามะขาม,เมืองกาญจนบุรี,034-625113-5
บริษัท มิตซู ช.เอราวัณ สุพรรณบุรี,257/3 หมู่ที่ 5 ตำบลท่าระหัด,เมืองสุพรรณบุรี,"035-526002-5, 081-6269256"
บริษัท มุ้ยฮวดมอเตอร์เซลล์ จำกัด,59/9 หมู่ที่ 5 ถนนเพชรเกษม ตำบลศรีษะทอง,นครชัยศรี,"034-395522, 086-3371463"
บริษัท มุ้ยฮวดมอเตอร์เซลล์ จำกัด,167 หมู่ที่ 6 ถนนพระราม 2 ตำบลบางแก้ว,เมืองสมุทรสงคราม,"034-773555, 091-7111131,"
บริษัท มิตซู เพชรบุรี จำกัด,75 หมู่ที่ 1 ถนนเพชรเกษม ตำบลต้นมะม่วง,เมืองเพชรบุรี,081-9048666
บริษัท เพชรมิตซู จำกัด,73 หมู่ที่ 1 ถนนเพชรเกษม ตำบลหัวสะพาน,เมืองเพชรบุรี,032-771515
บริษัท มิตซูชะอำ (สิทธิภัณฑ์) จำกัด,329/1 ถนนเพชรเกษม (ชะอำ) ตำบลชะอำ,ชะอำ,"032-471009, 099-1129888"
บริษัท ปราณบุรีพรีเมียร์ซัพพลาย,629 หมู่ที่ 4 ถนนเพชรเกษม ตำบลเขาน้อย,ปราณบุรี,081-6899800
บริษัท จ.วินิต จำกัด,20 ถนนพัฒนาการคูขวาง ตำบลในเมือง,เมืองนครศรีธรรมราช,075-321532-3
บริษัท จ.วินิต จำกัด,239 หมู่ที่ 2 ตำบลชะมาย,ทุ่งสง,"075-420956-7,075-412798-9"
บริษัท มิตซู ชูเกียรติยนต์ กระบี่,266 หมู่ที่ 2 ตำบลกระบี่น้อย,เมืองกระบี่,"075-650919,086-"
บริษัท ภูเก็ตปิยะ จำกัด,51/2 หมู่ที่ 1 ถนนเทพกระษัตรี ตำบลเกาะแก้ว,เมืองภูเก็ต,076-377860-3
บริษัท มิตซูสุราษฎร์ จำกัด,37/5 หมู่ที่ 4 ถนนกาญจนวิถี ตำบลบางกุ้ง,เมืองสุราษฎร์ธานี,"077-285046, 077-225135,"
บริษัท สยาม วี.พี. ออโต้เซลล์ จำกัด,415 หมู่ที่ 3 ถนนเพชรเกษม ตำบลบางนอน,เมืองระนอง,077-823109
บริษัท จ.วินิต จำกัด,1451 หมู่ที่ 3 ถนนเลี่ยงเมือง (สายเอเชีย),หาดใหญ่,074-457453-4
บริษัท มิตซูไทยยนต์กลการ จำกัด,109-109/1-2 หมู่ที่ 9 ตำบลท่ามิหรำ,เมืองพัทลุง,"074-612087, 085-2169370"
บริษัท โยโกตะ มอเตอร์ ( ไทยแลนด์,"5,5/1 ถนนนราธิวาสราชนครินทร์ แขวงช่องนนทรี",ยานนาวา,02-2870081-84
บริษัท เอ็มเพอร์เรอร์ ออโต้ จำกัด,38 ถนนกาญจนาภิเษก แขวงบางแค,บางแค,02-4556789
บริษัท โยโกตะ มอเตอร์ ( ไทยแลนด์,181 ถนนยานนาวา แขวงบางโพงพาง,ยานนาวา,02-2950081
บริษัท สยามนิสนิสสัน,729 ถนนศรีนครินทร์ แขวงสวนหลวง,สวนหลวง,02-7228486
บริษัท สยามนิสสัน บอดี้ จำกัด,3077/5 ชั้น 4 ถนนสุขุมวิท แขวงบางจาก,พระโขนง,02-3327257-9
บริษัท สยามนิสสัน มหานคร จำกัด,8 ถนนประเสริฐมนูกิจ แขวงเสนานิคม,จตุจักร,02-7929111
บริษัท ออโต้สไมล์ จำกัด,2288 ถนนจันทน์ แขวงช่องนนทรี,ยานนาวา,"02-6789080, 089-6848180"
บริษัท สยามนิสสัน บอดี้ จำกัด,80 ถนนวิภาวดีรังสิต แขวงลาดยาว,จตุจักร,02-5795157-9
บริษัท สยาม ไอ.บี.ออโตโมบิล จำกัด,666/6 ถนนฉลองกรุง แขวงลำปลาทิว,ลาดกระบัง,02-3605050
บริษัท สยามนิสสัน กรุงเทพ จำกัด,818 ถนนนวมินทร์ แขวงคลองกุ่ม,บึงกุ่ม,"02-9889255,098-3080700"
บริษัท ไพร์ม มอเตอร์ จำกัด,222/2 ถนนร่มเกล้า แขวงคลองสามประเวศ,ลาดกระบัง,02-7378000
บริษัท สยามนิสสัน ที.เค.เอฟ. จำกัด,293 ถนนเพชรเกษม แขวงหนองค้างพลู,หนองแขม,"02-8096701-3,063-2064479"
บริษัท สยามนิสสัน บอดี้ จำกัด,2993/1 ถนนลาดพร้าว แขวงคลองจั่น,บางกะปิ,02-7361441-2
บริษัท กวงไถ่ ออโต้โมบิล จำกัด,855 ซอยซอยลาดพร้าว 87(จันทราสุข),บางกะปิ,"02-5772288,02-577-2288"
บริษัท สยามนิสสันรถดีพระราม 2,3 ถนนพระรามที่ 2 แขวงท่าข้าม,บางขุนเทียน,02-4170777
บริษัท นิวตัน เซอร์วิส เซ็นเตอร์,109 ถนนบรมราชชนนี แขวงฉิมพลี,ตลิ่งชัน,02-8876500-9
บริษัท สยามนิสสัน กรุงไทย จำกัด,350 ถนนรามอินทรา แขวงท่าแร้ง,บางเขน,02-9435600-14