กรุงเทพมหานคร,คลองเตย,ฉัตรเมือง บจก.,"0-2712-2212-15, 0-2391-1744, 0-2392-4447",4069 ถ.พระราม 4 แขวงพระโขนง แขวงคลองเตย กทม. 10110
กรุงเทพมหานคร,คลองเตย,ซิตี ้ ออโต้โมบิล บจก.(สาขาพระราม4) ,0-2713-6777,4332 ซ.ฟาร์มวัฒนา ถ.พระราม4 แขวงพระโขนง เขตคลองเตย กรุงเทพฯ 10110
กรุงเทพมหานคร,คลองเตย,พระราม 4 ฮอนด้าคาร์ส กรุ๊ป บมจ.,0-2671-9990,1658/1 ถ.พระราม 4 ขว.คลองเตย เขตคลองเตย กรุงเทพฯ 10110
กรุงเทพมหานคร,คลองเตย,มาสด้า ซิตี ้ บจก. (สาขาถนน ณ.ระนอง),0-2711-9111,130 ถ. ณ ระนอง ขว.คลองเตย เขตคลองเตย กรุงเทพฯ 10110
กรุงเทพมหานคร,คลองเตย,อาร์เอ็มเอ ซิตี ้ มอเตอร์ส บจก.(สาขาพระราม4),0-2713-6000,4330 ถ.พระราม4 แขวงพระโขนง เขตคลองเตย กรุงเทพฯ 10110
กรุงเทพมหานคร,คลองเตย,เท็น ฮอนด้าออโตโมบิล บจก.,0-2392-5555,4141/41 ถ.พระราม4 แขวงพระโขนง เขตคลองเตย กรุงเทพฯ 10110
กรุงเทพมหานคร,คลองสาน,อุดมมิตรยนต์ อู่,"0-2437-5208, 0-2438-6312",3 ซ.สารภี1 ถ.อิสรภาพ แขวงสมเด็จฯ เขตคลองสาน กรุงเทพฯ 10600
กรุงเทพมหานคร,คลองสามวา,ที เอส เซอร์วิส หจก.,"08-1906-7630, 08-4681-7726",58/70 ถ.คู้บอน ขว.บางชัน เขตคลองสามวา กรุงเทพฯ 10510
กรุงเทพมหานคร,คลองสามวา,เอ็น.ดี.เซอร์วิส หจก.,0-2906-2474,268 ถ.สามวา ขว.บางชัน เขตคลองสามวา กรุงเทพฯ 10510
กรุงเทพมหานคร,คันนายาว,เดอะเกรท การาจ บจก.,0-2943-0160-3,62/5-6 ม9 ถ.รามอินทรา แขวงคันนายาว เขตคันนายาว กรุงเทพฯ 10230
กรุงเทพมหานคร,คันนายาว,โตโยต้า บัสส์ บจก. (รามอินทรา),0-2819-8989,899 ถ.รามอินทรา ขว.คันนาวาว เขตคันนายาว กรุงเทพฯ 10230
กรุงเทพมหานคร,คันนายาว,โตโยต้า บัสส์ บจก. (เสรีไทย),0-2375-5775 ต่อ แผนกตัวถัง,888 ม.12 ถนน.เสรีชัยไทย (สุขาภิบาล 2) ขว.คันนายาว เขตคันนายาว กรุงเทพฯ 10230
กรุงเทพมหานคร,คันนายาว,พี.ซี.เซอร์วิส อู่,"0-2731-8838, 0-2736-4919",119 ม.12 ถ.เสรีไทย ขว.คันนายาว เขตคันนายาว กรุงเทพฯ 10230
กรุงเทพมหานคร,คันนายาว,รามอินทรา ฮอนด้าคาร์ส บจก.,0-2510-4545,88 ถ.รามอินทรา ขว.รามอินทรา เขตคันนายาว กรุงเทพฯ 10230
กรุงเทพมหานคร,คันนายาว,เอสบี ฮอนด้า บจก.,0-2906-3425,97/10-12 ม.3 ถ.เสรีไทย แขวงคันนายาว เขตคันนายาว กรุงเทพฯ 10230
กรุงเทพมหานคร,คันนายาว,โตโยต้า กรุงไทย บจก. (สนญ.),0-2510-9999,491 ถ.รามอินทรา แขวงรามอินทรา เขตคันนายาว กรุงเทพฯ 10230
กรุงเทพมหานคร,จตุจักร,คุงเซอร์วิส อู่ ,0-2939-0363,1426/4 ถ.รัชดาภิเษก ขว.จันทรเกษม เขตจตุจักร กรุงเทพฯ 10900
กรุงเทพมหานคร,จตุจักร,โตโยต้า บัสส์ บจก.(เกษตร-นวมินทร์) ,0-2579-5599 ต่อ 1313-1315,2 ถ.ประเสริฐมนูกิจ ขว.เสนานิคม เขตจตุจักร กรุงเทพฯ 10900
กรุงเทพมหานคร,จตุจักร,ไทยยานยนต์ เซลส์แอนด์เซอร์วิส บจก (B.M.W) ,0-2938-6319,299 ถ.วิภาวดีรังสิต ขว.จอมพล เขตจตุจักร กรุงเทพฯ 10900
กรุงเทพมหานคร,จตุจักร,บาวาเรีย มอเตอร์ หจก.,"0-2512-4046 , 0-2938-4673",212/35 ซ.ลาดพร้าว 10 ถ.ลาดพร้าว ขว.จอมพล เขตจตุจักร กรุงเทพฯ 10900
กรุงเทพมหานคร,จตุจักร,เฟรนด์มอเตอร์ไบค์ หจก.,"0-2513-5906 , 08-5064-9330",178/3 ลาดพร้าว ซ.4 ถ.ลาดพร้าว ขว.ลาดยาว เขตจตุจักร กรุงเทพฯ 10900
กรุงเทพมหานคร,จตุจักร,ภ.แอนด์ ธงเซอร์วิส อู่,0-2953-1637-38,44/38-39 ถ.งามวงศ์วาน แขวงลาดยาว เขตจตุจักร กรุงเทพฯ 10900
กรุงเทพมหานคร,จตุจักร,สยามนิสสัน บอดี ้ บจก.(วิภาวดี) ,0-2579-5157-9,80 ถนนวิภาวดีรังสิต ขว.ลาดยาว เขตจตุจักร กรุงเทพฯ 10900
กรุงเทพมหานคร,จตุจักร,พระนครฮอนด้าออโตโมบิล บจก.,0-2941-1888,110 ถ.วิภาวดีรังสิต แขวงลาดยาว เขตจตุจักร กรุงเทพฯ 10900
กรุงเทพมหานคร,จตุจักร,ตรีเพชรอีซูซุบริการ บจก.,0-2966-2000-9,1088 ถ.วิภาวดีรังสิต แขวงจตุจักร เขตจตุจักร กรุงเทพฯ 10900
กรุงเทพมหานคร,จตุจักร,อมร เพรสทีจ บจก.,0-2513-9555,168 ถ.รัชดาภิเษก แขวงจันทรเกษม เขตจตุจักร กรุงเทพฯ 10900
กรุงเทพมหานคร,จตุจักร,พระนคร ยนตรการ บจก.,0-2561-5000 ต่อ 5000,108 ม.2 ถ.วิภาวดีรัสิต แขวงลาดยาว เขตจตุจักร กรุงเทพฯ 10900
กรุงเทพมหานคร,จตุจักร,วอง ฮอนด้า คาร์ส์ บจก. (จตุจักร),0-2955-1720,3/1 ม.9 แขวงลาดยาว เขตจตุจักร กรุงเทพฯ 10900
กรุงเทพมหานคร,จตุจักร,โตโยต้า กรุงไทย บจก. (สาขาเกษตร),0-2530-9999 ต่อ 7504,2368 ถ.พหลโยธิน แขวงเสนานิคม เขตจตุจักร 10900
กรุงเทพมหานคร,จตุจักร,คอร์ซ่า โมโต บจก.,02-5133-3333 ต่อ 321,12 ซ.วิภาวดี-รังสิต 22 ถ.วิภาวดีรังสิต แขวงจอมพล เขตจตุจักร กรุงเทพฯ 10900
กรุงเทพมหานคร,จตุจักร,อีซูซุพระนคร บจก.,0-2561-0820,110/1 ม.2 ถ.วิภาวดีรังสิต ต.ลาดยาว อ.จตุจักร กรุงเทพฯ 10900
กรุงเทพมหานคร,จอมทอง,เจ.เจ.มอเตอร์ไบค์ หจก.,"0-2893-8704, 086-313-3051",3/15 ม.10 ขว.จอมทอง เขตจอมทอง กรุงเทพฯ 10150
กรุงเทพมหานคร,จอมทอง,ดาวคะนอง ฮอนด้า ออโตโมบิล บจก.,"0-2877-0751-8 , 0-2477-0055-6",161 ม.3 ถ.สุขสวัสดิ์ ขว.จอมทอง เขตจอมทอง กรุงเทพฯ 10150
กรุงเทพมหานคร,จอมทอง,ตงเจริญยนต์ (2) อู่ ,0-2893-7606-7,54/32 ม.10 ซ.เอกชัย 10/1 ถ.เอกชัย ขว.บางขุนเทียน เขตจอมทอง กรุงเทพฯ 10150
กรุงเทพมหานคร,จอมทอง,โตโยต้า เจดีคาร์ส บจก.,0-2453-1999,18/7-9 ม.8 ถ.กัลปพฤกษ์ ขว.บางขุนเทียน เขตจอมทอง กรุงเทพฯ 10150
กรุงเทพมหานคร,จอมทอง,น าสิริยนต์ บจก.,0-2468-8584,26/14 ม.4 ขว.จอมทอง เขตจอมทอง กรุงเทพฯ 10150
กรุงเทพมหานคร,จอมทอง,พจน์ การาจ อู่ ,"0-2476-1346, 0-2875-3317",83/17 ถ.รัตนกวี (จอมทอง19) พระราม2 ซ.28 แยก15 ขว.จอมทอง เขตจอมทอง กรุงเทพฯ 10150
กรุงเทพมหานคร,จอมทอง,พี อาร์ แมชชินเนอรี่ หจก.,"0-2452 -1181 , 08-1434-3003, 08-979-2036",96/74 ม.9 ซ.พระราม 2(30) ขว.บางมด เขตจอมทอง กรุงเทพฯ 10150
กรุงเทพมหานคร,จอมทอง,พี แอนด์ พี มอเตอร์ไบรค์ หจก.,"08-1822-5951 , 08-1643-4792",67/37 ม.6 ซ.จอมทอง 19 ถ.พระราม 2 ขว.จอมทอง เขตจอมทอง กรุงเทพฯ 10150
กรุงเทพมหานคร,จอมทอง,อ.เจริญชัยการาจ บจก.,"0-2468-1229 ,0-2468-7861, 081-926-6208",56/6 ถ.วุฒากาศ ขว.บางค้อ เขตจอมทอง กรุงเทพฯ 10150
กรุงเทพมหานคร,จอมทอง,อัลฟ่าทีมส์ บจก.,"0-2867-1370-2, 0-2415-4363, 0-2415-5082","679, 681 ถ.พระราม 2 ขว.บางมด เขตจอมทอง กรุงเทพฯ 10150"
กรุงเทพมหานคร,จอมทอง,อาทิตย์การาจ บจก.,"0-2452-0613-4, 0- 2452-1275",49/2 ม.9 ซ.28/1 ถ.พระราม 2 ขว.บางมด เขตจอมทอง กรุงเทพฯ 10150
กรุงเทพมหานคร,จอมทอง,อาร์เอ็มเอ ซิตี ้ มอเตอร์ส บจก.(สาขากัลัปพฤกษ์),0-2416-1555,34/9 ถ.กลัปพฤกษ์ ขว.บางขุนเทียน เขตจอมทอง กรุงเทพฯ 10150
กรุงเทพมหานคร,จอมทอง,อีซูซุนครหลวง บจก.,0-2428-0036,579 ถ.พระราม2 ขว.บางมด เขตจอมทอง กรุงเทพฯ 10150
กรุงเทพมหานคร,จอมทอง,เอ็น ซี เอ็ม ออโต้ เซอร์วิส บจก.,0-2875-7759-62,17/45-46 ม.2 ถ.จอมทอง แขวงจอมทอง เขตจอมทอง กรุงเทพฯ 10150
กรุงเทพมหานคร,จอมทอง,เอ็มบอดี ้ เซอร์วิส บจก.,0-2427-0273,3/13 ม.2 ซ.3 ถ.พระราม2 แขวงบางมด เขตจอมทอง กรุงเทพฯ 10150
กรุงเทพมหานคร,ดอนเมือง,เดอะ คาร์ เซอร์วิส บจก.,"09-5803-4838, 08-2090-1588",9/1 ซ.โกสุมรวมใจ35 แขวงดอนเมือง เขตดอนเมือง กรุงเทพฯ 10210
กรุงเทพมหานคร,ดอนเมือง,โตโยต้า บางกอก บจก. (ดอนเมือง) ,0-2998-0217-9,42/3-4 ม.9 ถ.วิภาวดีรังสิต ขว.สีกัน เขตดอนเมือง กรุงเทพฯ 10120
กรุงเทพมหานคร,ดอนเมือง,ยุทธเซอร์วิส บจก.,"0-2981-0451, 0-2981-0452",14 ซ.โกสุมรวมใจ7 ถ.โกสุมรวมใจ ขว.สีกัน เขตดอนเมือง กรุงเทพฯ 10210
กรุงเทพมหานคร,ดอนเมือง,สยามนิสสัน บางกอก อินเตอร์เนชั่นแนล บจก.,0-2531-7337,2 ซ.พหลโยธิน79 ขว.สนามบิน เขตดอนเมือง กรุงเทพฯ 10210
กรุงเทพมหานคร,ดอนเมือง,หมง 2002 บจก.,"0-2929-5922, 0-2983-5454, 08-1488-3422",217 ถ.ช่างอากาศอุทิศ แขวงดอนเมือง เขตดอนเมือง กรุงเทพฯ 10210
กรุงเทพมหานคร,ดอนเมือง,โตโยต้ามหานคร บจก. (สาขา3) ,0-2996-9701-5 ต่อ 401-404,"35,35/1 ถ.พหลโยธิน แขวงสนามบิน เขตดอนเมือง จ.กรุงเทพฯ 10210"
กรุงเทพมหานคร,ดินแดง,สถิตพร ออโต้เซอร์วิส บจก.,"0-2245-1739 , 0-2246-5640",1022 ซ.เหมวงษ์ ถ.อโศก-ดินแดง ขว.ดินแดง เขตดินแดง กรุงเทพฯ 10400
กรุงเทพมหานคร,ดินแดง,สมพงษ์ มอเตอร์คาร์ส หจก. [CK],"0-2643-3812, 0-2643-3815",301/5 ซอยประสานสารบรรณ ถ.ดินแดง ขวงดินแดง เขตดินแดง กรุงเทพฯ 10400
กรุงเทพมหานคร,ดินแดง,อัลฟ่าออโต้กล๊าส บจก.,"0-2692-0922-3 , 08-1612-1345 วนิดา",40 ข้างโรงเรียนสุรศักด์มนตรี ถนนวิภาวดี-รังสิต ขว.ดินแดง เขตดินแดง กรุงเทพฯ 10400
กรุงเทพมหานคร,ดุสิต,บางกระบือ เอ็นจิเนียริ่ง เซอร์วิส บจก.,0-2241-1866,170/1 ซ.สามเสน 21 ถ.สามเสน ขว.นครไชยศรี เขตดุสิต กรุงเทพฯ 10300
กรุงเทพมหานคร,ดุสิต,ลักกี ้ การาจ หจก.,0-2669-2613,15 ซอยสามเสน 21 ถนนสามเสน เขตดุสิต กทม. 10300
กรุงเทพมหานคร,ตลิ่งชัน,002 เซอร์วิส เซ็นเตอร์ บจก.(HONDA) ,0-2880-7211-2,1/102 ถ.ปิ่ นเกล้า-นครชัยศรี ขว.ตลิ่งชัน เขตตลิ่งชัน กรุงเทพฯ 10170
กรุงเทพมหานคร,ตลิ่งชัน,เบนซ์ตลิ่งชัน บจก.,"0-2880-7180-9 , 0 2880 9450-1",2/9-10 ม.9 ถ.ปิ่ นเกล้า-นครชัยศรี เขตตลิ่งชัน กรุงเทพฯ 10170
กรุงเทพมหานคร,ตลิ่งชัน,ปิ่นเกล้า ฮอนด้าคาร์ส บจก.,0-2881-1875-82,75 ม. 2 ถ.ปิ่ นเกล้า-นครชัยศรี ขว.ฉิมพลี เขตตลิ่งชัน กรุงเทพฯ 10170
กรุงเทพมหานคร,ตลิ่งชัน,ภัทรวดี 999 เซอร์วิส บจก.,0-2882-2869,61/14 ม.4 ซ.สวนแดน ถ.ชัยพฤกษ์-สวนผัก ขว.ตลิ่งชัน เขตตลิ่งชัน กรุงเทพฯ 10170
กรุงเทพมหานคร,ตลิ่งชัน,ยูไนเต็ด ฮอนด้า ออโตโมบิล บจก.,0-2432-2222,22 ถ.ราชพฤกษ์ ต.บางระมาด อ.ตลิ่งชัน จ.กรุงเทพฯ 10170
กรุงเทพมหานคร,ตลิ่งชัน,อรัญอินเตอร์การาจ อู่,"0-2864-8259, 0-2864-9957",54/93 ซ.จรัญสนิทวงศ์ 35 หมู่ที่ 10 ถนนจรัญสนิทวงศ์ แขวงบางพรม เขตตลิ่งชัน กรุงเทพฯ 10170
กรุงเทพมหานคร,ตลิ่งชัน,กาญจนาภิเษก ฮอนด้า ออโตโมบิล บจก.,0-2115-3000,272 ถ.กาญจนาภิเษก แขวงฉิมพลี เขตตลิ่งชัน จ.กรุงเทพฯ 10170
กรุงเทพมหานคร,ตลิ่งชัน,โตโยต้า เอ็มไพร์ส บจก.,0-2448-8222,38/3 ม.11 ถ.ตลิ่งชัน-สุพรรณบุรี แขวงฉิมพลี เขตตลิ่งชัน กรุงเทพฯ 10120
กรุงเทพมหานคร,ตลิ่งชัน,โตโยต้า กรุงไทย บจก. (สาขาตลิ่งชัน),0-2530-9999 ต่อ 8512,128/9 ถ.บรมราชชนนี แขวงตลิ่งชัน เขตตลิ่งชัน 10170
กรุงเทพมหานคร,ตลิ่งชัน,ส.เทพกร อู่,0-2448-7339,19/26 ม.4 ซ.ร่มโพธ์ ถ.พุทธมณฑลสาย 1 แขวงบางระมาด เขตตลิ่งชัน กรุงเทพฯ 10170
กรุงเทพมหานคร,ทวีวัฒนา,ก.เจริญเซอร์วิส บจก.,"0-2888-7189, 08-1425-7369",634/1 ม.8 ซ.บรมราชนนี 76 แขวงศาลาธรรมสพน์ เขตทวีวัฒนา จ.กรุงเทพมหานคร 10170
กรุงเทพมหานคร,ทวีวัฒนา,พีทีเอส มอเตอร์ เซอร์วิส บจก.,0-2441-5363-4,14/51 ม.2 แขวงศาลาธรรมสพน์ เขตทวีวัฒนา กรุงเทพฯ 10170
กรุงเทพมหานคร,ทวีวัฒนา,อนันต์ 2539 การาจ บจก.,0-2888-4112-3,77/113 ม.7 ถ.บรมราชชนนี แขวงศาลาธรรมสพน์ เขตทวีวัฒนา กรุงเทพฯ 10170
กรุงเทพมหานคร,ทวีวัฒนา,เดีย บอดี ้ แอนด์ เพ็นท์ (1995) บจก.,0-2408-9241-6,86 ถ.บรมราชชนนี ขว.ศาลาธรรมสพน์ เขตทวีวัฒนา กรุงเทพฯ 10170
กรุงเทพมหานคร,ทุ่งครุ,โสฬส คาร์ เซอร์วิส อู่,0-2873-5448,22 ซ.ประชาอุทิศ 69 แยก 11 ถ.ประชาอุทิศ แขวงทุ่งครุ เขตทุ่งครุ กรุงเทพฯ 10140
กรุงเทพมหานคร,ธนบุรี,เค.ที.ยานยนต์ ร้าน ,"0-2466-1504 , 08-1814-4647",26 ซ.ตากสิน 10 ถ.ตากสิน ขว.บุคคโล เขตธนบุรี กรุงเทพฯ 10600
กรุงเทพมหานคร,ธนบุรี,บางกอกมอเตอร์,"0-2877-9163, 08-6373-8099",29 ถ.สมเด็จพระเจ้าตากสิน ขว.ส าเหร่ เขตธนบุรี กรุงเทพฯ 10600
กรุงเทพมหานคร,ธนบุรี,วรจักรยนต์ บจก.(สี่แยกบ้านแขก) ,0-2890-0851-6,319 ถ.ประชาธิปก ขว.หิรัญรูจี เขตธนบุรี กรุงเทพฯ 10600
กรุงเทพมหานคร,ธนบุรี,เอ็น.เค.ซี อินเตอร์ บจก (สามเหร่) ,0-2476-9606,1213/28 ถ.สมเด็จพระเจ้าตากสิน ขว.บุคคโล เขตธนบุรี กรุงเทพฯ 10600
กรุงเทพมหานคร,ธนบุรี,เอ็น.เค.ซี อินเตอร์ บจก.(เดอะมอลล์ท่าพระ) ,0- 2476-9607-9,154/1 ถ.รัชดาภิเษก ขว.บุคคโล เขตธนบุรี กรุงเทพฯ 10600
กรุงเทพมหานคร,ธนบุรี,โตโยต้า ธนบุรี บจก.,0-2912-2200,313/1 ถ.รัชดาภิเษก แขวงบุคคโล เขตธนบุรี 10600
กรุงเทพมหานคร,บางกอกน้อย,จรัลยนต์เซอร์วิส บจก.,0-2411-0863,307/210 ซ.จรัญสนิทวงศ์31 ถ.จรัญสนิทวงศ์ ขว.บางขุนศรี เขตบางกอกน้อย กรุงเทพฯ 10700
กรุงเทพมหานคร,บางกอกใหญ่,ทรี มอเตอร์ไบรค์ (2002) หจก.,"0-2467-3489 , 0-2868-2801",19/4 ถ.จรัญสนิทวงศ์ ขว.วัดท่าพระ เขตบางกอกใหญ่ กรุงเทพฯ 10600
กรุงเทพมหานคร,บางกอกใหญ่,นครชัยยนต์ หจก.,0-2868-0636,26/71-74 ถ.จรัญสนิทวงศ์ ขว.ท่าพระ เขตบางกอกใหญ่ กทม. 10600
กรุงเทพมหานคร,บางกอกใหญ่,พี.ที.พี. เซอร์วิส บจก.,0-2868-2826-7,375 ถ.เพชรเกษม แขวงวัดท่าพระ เขตบางกอกใหญ่ กรุงเทพฯ 10600
กรุงเทพมหานคร,บางกะปิ,117 เซอร์วิส บจก.,0-2378-1005-6,62 ซ.ลาดพร้าว 117 ถ.ลาดพร้าว แขวงคลองจั่น เขตบางกะปิ กรุงเทพฯ 10240
กรุงเทพมหานคร,บางกะปิ,ซัมมิท ฮอนด้า ออโตโมบิล บจก.,0-2732-2680-93 ต่อ 106-107,825 ถนนรามค าแหง แขวงหัวหมาก เขตบางกะปิ กรุงเทพมหานคร 10240
กรุงเทพมหานคร,บางกะปิ,ถาวรมงคล บจก.,0-2377-4177-8,139 หมู่ 2 ถ.ลาดพร้าว ซ.ลาดพร้าว7 ขว.คลองจั่น เขตบางกะปิ กรุงเทพฯ 10240
กรุงเทพมหานคร,บางกะปิ,มาสด้า ซิตี ้ บจก. (สาขารามค าแหง69),0-2718-5060,2363/1 ถ.รามค าแหง ขว.หัวหมาก เขตบางกะปิ กรุงเทพฯ 10240
กรุงเทพมหานคร,บางกะปิ,มาสด้า ซิตี ้ บจก. (สาขาหัวหมาก),0-2736-3888,3563/3 ถ.รามค าแหง ขว.หัวหมาก เขตบางกะปิ กรุงเทพฯ 10240
กรุงเทพมหานคร,บางกะปิ,สยามนิสสัน บอดี ้ บจก.(ลาดพร้าว),0-2736 -1441-2,2993/1 ลาดพร้าว ขว.คลองจั่น เขตบางกะปิ กรุงเทพฯ 10240
กรุงเทพมหานคร,บางกะปิ,สิทธิผลเซลส์ บจก.,0-2718-5312-5,156 ถ.รามค าแหง แขวงหัวหมาก เขตบางกะปิ กรุงเทพฯ 10240
กรุงเทพมหานคร,บางกะปิ,เอ็น เจ อาร์ การาจ อู่,0-2732-9191,2/2 ซ. กองทุนที่ดินไทย ถ.รามค าแหง46 แขวงหัวหมาก เขตบางกะปิ กทม. 10240
กรุงเทพมหานคร,บางขุนเทียน,คาร์เซอร์เคิล แอนด์ เซอร์วิส บจก.,0-2451-6334,6/117 ม.1 ซ.สะแกงาม 16 ถ.สะแกงาม แขวงแสมด า เขตบางขุนเทียน กรุงเทพฯ 10150
กรุงเทพมหานคร,บางขุนเทียน,เจเจ ออโต้ เซอร์วิส บจก,"0-2415-4625, 08-6301-4580",65/7 ม.10 ถ.เอกชัย แขวงบางขุนเทียน เขตจอมทอง 10150
กรุงเทพมหานคร,บางขุนเทียน,แจ่มใสการาจ 2009 บจก.,"0-2896-4780, 08-6326-1058, 08-6889-5993",79/94 ม.2 แขวงแสมด า เขตบางขุนเทียน กรุงเทพฯ 10160
กรุงเทพมหานคร,บางขุนเทียน,ช.ธนบดี ออโต้ บจก.,0-2415-1577-9,188 ถ.พระราม2 ซ.54 แยก4 แขวงแสมด า เขตบางขุนเทียน กรุงเทพฯ 10150
กรุงเทพมหานคร,บางขุนเทียน,โตโยต้า นครธน บมจ. (สนญ.) ,"0-2452-2555-66 , 0-2452-2569",79/99 หมู่ 4 ถนนพระราม 2 ขว.แสมด า เขตบางขุนเทียน กรุงเทพฯ 10150
กรุงเทพมหานคร,บางขุนเทียน,วรจักรยนต์ บจก.(พระรามที่ 2) ,0-2894-1000,319 ถ.พระราม 2 ขว.แสมด า เขตบางขุนเทียน กรุงเทพฯ 10600
กรุงเทพมหานคร,บางขุนเทียน,สยามนิสสันรถดีพระราม 2 บจก.,0-2417-0777,3 ถ.พระรามที่2 แขวงท่าข้าม เขตบางขุนเทียน กรุงเทพฯ 10150
กรุงเทพมหานคร,บางขุนเทียน,ตั ้ม ออโต้ เทรด บจก.,"0-2416-5060, 0-2899-7875",277 ถ.บางขุนเทียน ขว.แสมด า เขตบางขุนเทียน กรุงเทพฯ 10150
กรุงเทพมหานคร,บางเขน,กลาสเทค (ประเทศไทย) บจก. (รามอินทรา) ,0-2943-5900,"228,230,232,234 ถ.รามอินทรา ขว.ท่าแร้ง เขตบางเขน กรุงเทพฯ 10220"
กรุงเทพมหานคร,บางเขน,กันตพงศ์ ออโต้ เซอร์วิส บจก.,0-2362-4544,98 ซ.รามอินทรา 34 (เลียบทางด่วนรามอินทรา) ถ.อยู่เย็น ขว.ท่าแร้ง เขตบางเขน กรุงเทพฯ 10230
กรุงเทพมหานคร,บางเขน,พรีเซียส คาร์แคร์ บจก.,0-2519-7701-3,92/12 ม.6 ซ.วัชรพล ถ.รามอินทรา ขว.ท่าแร้ง เขตบางเขน กรุงเทพฯ 10220
กรุงเทพมหานคร,บางเขน,วรพรพิพัฒน์ บจก.,0-2948-0421,97/6 ม.6 แขวงท่าแร้ง เขตบบางเขน กรุงเทพฯ 10220
กรุงเทพมหานคร,บางเขน,วัชรพล คัลเลอร์ เวิล์ด แอนด์ เซอร์วิส บจก.,"0-2949-8819, 086-327-3573, 081-924-1048",122/6 ม.6 ขว.ท่าแร้ง เขตบางเขน กทม. 10220
กรุงเทพมหานคร,บางเขน,สถิตพร ออโต้บอดี ้ บจก.,0-2522 6166-8,31/17 ซอยรามอินทรา 6/1 ถนนรามอินทรา แขวงอนุสาวรีย์ เขตบางเขน กทม. 10220
กรุงเทพมหานคร,บางเขน,แอลบาทรอส ออโต้ บจก.,0-2970-7000,183 ถ.รามอินทรา ขว.อนุสาวรีย์ เขตบางเขน กรุงเทพฯ 10220
กรุงเทพมหานคร,บางเขน,แอลบาทรอส ออโต้ บจก.,0-2970-7000,183 ถ.รามอินทรา ขว.อนุสาวรีย์ เขตบางเขน กรุงเทพฯ 10220
กรุงเทพมหานคร,บางเขน,พีพีเอส.อินเตอร์กรุ๊ป บจก.,0-2521-3333,214 ถ.รามอินทรา แขวงท่าแร้ง เขตบางเขน กรุงเทพฯ 10220
กรุงเทพมหานคร,บางเขน,รัตนการาจ บจก.,0-2521-3212-3,40 สุขาภิบาล5 ซ.5 แยก14 แขวงท่าแร้ง เขตบางเขน กรุงเทพฯ 10220
กรุงเทพมหานคร,บางคอแหลม,จิระคาร์บอดี ้เซอร์วิส บจก.,"0-2291-0199 , 0-2291-1290 , 0-2291-1272",135 ถ.พระราม 3 ขว.บางคอแหลม เขตบางคอแหลม กรุงเทพฯ 10120
กรุงเทพมหานคร,บางคอแหลม,เจริญกรุงกระจกรถยนต์ หจก.,"0-2291-7696-7 , 08-1700-0025",218/12 ถ.พระราม 3 ซ.6 ขว.บางคอแหลม เขต บางคอแหลม กรุงเทพฯ 10120
กรุงเทพมหานคร,บางคอแหลม,เบนซ์พระราม 3 บจก.,0-2291-1212,487 ถ.พระราม 3 แขวงบางโคล่ เขตบางคอแหลม กรุงเทพฯ 10120
กรุงเทพมหานคร,บางคอแหลม,พระราม 3 ฮอนด้าคาร์ส บจก.(บางคอแหลม) ,0-2689-3999,358/1 ถ.พระราม 3 ขว.บางโคล่ เขตบางคอแหลม กรุงเทพฯ 10120
กรุงเทพมหานคร,บางแค,คัลเลอร์ อัพ การาจ หจก.,"0-2801-1100, 08-9121-3232",104/104 ม.4 ขว.บางแค เขตบางแค กรุงเทพฯ 10160
กรุงเทพมหานคร,บางแค,โตโยต้า บัสส์ บจก. (บางแค) ,0-2862-8888,88 ซ.เพชรเกษม 88 ขว.บางแคเหนือ เขตบางแค กรุงเทพฯ 10160
กรุงเทพมหานคร,บางแค,โตโยต้า เอ็มไพร์ส ยูซฟูล คาร์ส บจก.,0-2413-3999,1177/2 ถ.กาญจนาภิเษก ขว.บางแคเหนือ เขตบางแค กรุงเทพฯ 10160
กรุงเทพมหานคร,บางแค,โตโยต้า เอ็มไพร์ส ยูซฟูล คาร์ส บจก.,0-2413-3999,1177/2 ถ.กาญจนาภิเษก ขว.บางแคเหนือ เขตบางแค กรุงเทพฯ 10160
กรุงเทพมหานคร,บางแค,ท.การช่าง ออโต เซ็นเตอร์ บจก.,"0-2410-3337,0-2410-3702,084-6587997",2 ซ.บางแวก 122 ขว.บางไผ่ เขตบางแค กรุงเทพฯ 10160
กรุงเทพมหานคร,บางแค,ไทยยานยนต์ เซลส์แอนด์เซอร์วิส บจก. (B.M.W) ,0-2804-9000 ต่อ 3101,119 ม.1 ถ.เพชรเกษม ขว.บางแคเหนือ เขตบางแค กรุงเทพฯ 10160
กรุงเทพมหานคร,บางแค,ธนบุรี ฮอนด้าคาร์ส บจก.,0-2803-2222-3,42 ม.9 ถ.กาญจนาภิเษก ขว.บางแค เขตบางแค กรุงเทพฯ 10160
กรุงเทพมหานคร,บางแค,บางแคกระจกรถยนต์ หจก.,0-2455-8795,47/27 ม. 5 ถ.กาญจนาภิเษก ขว.บางแค เขตบางแค กรุงเทพฯ 16160
กรุงเทพมหานคร,บางแค,พี&พี มอเตอร์ไบค์ 2 ร้าน ,0-2410-3881,441 ถ.บางแวก ขว.บางไผ่ เขตบางแค กรุงเทพฯ 10160
กรุงเทพมหานคร,บางแค,เอส.พี.กรุ๊ป ออโตโมบิล (2013) บจก. [2M-กท],0-2109-7777,"1631, 1631/2 ถ.กาญจนาภิเษก แขวงบางไผ่ เขตบางแค กรุงเทพฯ 10160"
กรุงเทพมหานคร,บางแค,โตโยต้ามหานคร บจก. (สาขา2) ,0-2803-4375-9 ต่อ 401-401,"22,22/1 ถ.กาญจนาภิเษก แขวงบางแค เขตบางแค จ.กรุงเทพฯ "
กรุงเทพมหานคร,บางแค,มิตซู เอส.พี.กรุ๊ป บจก.,0-2109-8888,1631/7-9 ถ.กาญจนาภิเษก แขวงบางไผ่ เขตบางแค จ.กรุงเทพฯ 10160
กรุงเทพมหานคร,บางแค,เอส.พี.กรุ๊ฟ ออโตโมบิล (2013) บจก.,0-2109-7777 ต่อ 7401,"1631,1631/2 ถ.กาญจนาภิเษก แขวงบางไผ่ เขตบางแค จ.กรุงเทพฯ 10160"
กรุงเทพมหานคร,บางซื่อ,จิวรวมยนต์รุ่งเรือง หจก.,"0-2587-2246, 0-2587-6583",1376/1 ถ.กรุงเทพ-นนทบุรี แขวงบางซื่อ เขตบางซื่อ กรุงเทพฯ 10800
กรุงเทพมหานคร,บางซื่อ,น าชัย เตาปูน บจก.,"0-2911-5001-3 , 0-2585*8852",525 ซ.ไสวสุวรรณ ขว.บางซื่อ เขตบางซื่อ กรุงเทพฯ 10800
กรุงเทพมหานคร,บางซื่อ,วี แอนด์ ซี ออโตโมบิล บจก.,02-831-8999,1530 ถ.ประชาราษฎร์1 แขวงบางซื่อ กรุงเทพฯ 10800
กรุงเทพมหานคร,บางซื่อ,สุริยะยนต์ ออโต้ บอดี ้ บจก.,"0-2912-1134-6 , 0-2912-0656-7",2824-2826 ถ.กรุงเทพฯ-นนทบุรี ขว.บางซื่อ เขตบางซื่อ กรุงเทพฯ 10800
กรุงเทพมหานคร,บางนา,ฉินกรุ๊ป บจก.,"0-2399-3258 , 0-2398-1294",65 ซ.บางนา-ตราด 18 แขวงบางนา เขตบางนา กรุงเทพมหานคร 10260
กรุงเทพมหานคร,บางนา,ซัมมิท ฮอนด้า ออโตโมบิล บจก.,"0-2398-0205-20 ต่อ 300, 303, 304, 424","2754, 2756 ซอยสุขุมวิท 66/1 ถนนสุขุมวิท ขว.บางนา เขตบางนา กรุงเทพมหานคร 10260"
กรุงเทพมหานคร,บางนา,โตโยต้า บอดี ้ เซอร์วิส บจก.,0-2361-5501 ต่อ 104/106/304/233/237,242 ม.11 ถ.ศรีนครินทร์ ขว.บางนา เขตบางนา กรุงเทพฯ 10260
กรุงเทพมหานคร,บางนา,เยอรมัน ออโต้ บจก.,0-2396-1199,441 ถ.บางนา-ตราด ขว.บางนา เขตบางนา กรุงเทพฯ 10260
กรุงเทพมหานคร,บางนา,อุดมสุข เซอร์วิส หจก.,"0-2747-9421 , 08-1816-6032",59/83 ซ.อุดมสุข 15 ถ.สุขุมวิท 103 ขว.บางนา เขตบางนา กรุงเทพฯ 10260
กรุงเทพมหานคร,บางนา,โตโยต้ามหานคร บจก. (สาขา1) ,0-2745-1981-5 ต่อ 401-404,3604 ถ.สุขุมวิท แขวงบางนา เขตบางนา จ.กรุงเทพฯ 10260
กรุงเทพมหานคร,บางนา,สยามนิสสัน บีเคเค บจก.,0-2745-3333,3888/8 ถ.สุขุมวิท แขวงบางนา เขตบางนา จ.กรุงเทพฯ 10260
กรุงเทพมหานคร,บางบอน,กีต้า กลาส แอนด์ ซาวด์ หจก.,0-2415-4849,121/5-8 ม.6 ถ.เอกชัย ต.บางบอน อ.บางบอน จ.กรุงเทพฯ 10150,
กรุงเทพมหานคร,บางบอน,กู๊ด ชัวร์ กลาส (กาญจนาภิเษก) บจก.,0-2415-7500,"47,49,51 ถ.กาญจนาภิเษก ขว.บางบอน ข.บางบอน กรุงเทพฯ 10150",
กรุงเทพมหานคร,บางบอน,ตงเจริญยนต์ (3) อู่ ,0-2892-5515-7,30/7 ม.1 ถ.บางบอน 5 ขว.บางบอน เขตบางบอน กรุงเทพฯ 10150,
กรุงเทพมหานคร,บางบอน,โตโยต้า บางกอก บจก. (บางบอน) ,0-2415-7500,87/521-522 ถ.กาญจนาภิเษก ขว.บางบอน เขตบางบอน กรุงเทพฯ 10150,
กรุงเทพมหานคร,บางบอน,เรดดี ้ มอเตอร์ บจก.,0-2453-0100,59/1 ถ.บางบอน 5 แขวงบางบอน เขตบางบอน จ.กรุงเทพมหานคร 10150,
กรุงเทพมหานคร,บางบอน,เอที ฮอนด้า ออโตโมบิล (เอกชัย-บางบอน) บจก.,0-2453-8888,1283/1 ถ.เอกชัย แขวงบางบอน เขตบางบอน จ.กรุงเทพฯ 10150,
กรุงเทพมหานคร,บางบอน,โชคศิริวัชรยนต์ อู่,0-2895-0683,296 ซ.เอกชัย 94 ถ.เอกชัย แขวงบางบอน เขตบางบอน จ.กรุงเทพฯ 10150,
กรุงเทพมหานคร,บางบอน,เฮงบอดี ้คาร์ เซอร์วิส บจก.,0-2899-6969,18/1 ซ.กาญจนาภิเษก3 ถ.กาญจนาภิเษก แขวงบางบอน เขตบางบอน จ.กรุงเทพฯ 10150,
กรุงเทพมหานคร,บางพลัด,ธนบุรีการาจ อู่ ,"0-2880-2477-8, 0-2434-9555-6",1499 ซ.จรัญสนิทวงศ์ 75 ถ.จรัญสนิทวงศ์ ขว.บางพลัด เขตบางพลัด กรุงเทพฯ 10700,
กรุงเทพมหานคร,บางพลัด,วินมอเตอร์ไบค์ ร้าน ,"0-2434-6037 , 08-1519-8136",599 ซ.จรัญสนิทวงศ์ 65 ถ.จรัญสนิทวงศ์ ขว.บางบ าหรุ เขตบางพลัด กรุงเทพฯ 10700,
กรุงเทพมหานคร,บางพลัด,เสริมศักดิ์ (บางพลัด) บจก.,"0-2433-1276, 0-2423-0715",405 ถ.ราชวิถี ขว.บางพลัด เขตบางพลัด กรุงเทพฯ 10700,
กรุงเทพมหานคร,บางพลัด,อัลฟ่าเซ็นเตอร์ บจก.,0-2881-0187-9,452/1ถ.สิรินทร เขตบางพลัด กรุงเทพฯ 10800 (ไม่มีแขวง และ รหัสไปรษณีย์),
กรุงเทพมหานคร,บางพลัด,เคแอนด์ซี คาร์แคร์ บจก.,0-28800-0508,444 ซ.จรัญสนิทวงศ์ 14 ขว.บางอ้อ เขตบางพลัด กรุงเทพฯ 10700,
กรุงเทพมหานคร,บางรัก,มาสด้า ซิตี ้ บจก. (สาขาลุมพินี),0-2633-8500,1016 อาคารศรีเฟื่ องฟุ้ ง ถ.พระราม4 ขว.สีลม เขตบางรัก กรุงเทพฯ 10500,
กรุงเทพมหานคร,บางรัก,พิธานพาณิชย์ บจก.,0-22348760,292 ถ.สุรวงศ์ ขว.สี่พระยา เขตบางรัก กรุงเทพฯ 10500,
กรุงเทพมหานคร,บึงกุ่ม,เค.เอส.ออโต้ หจก.,0-2519-3768,18/17 ม.7 ซ.ประเสริฐมนูกิจ 42 แขวงนวมินทร์ เขตบึงกุ่ม กทมฯ 10230,
กรุงเทพมหานคร,บึงกุ่ม,เคซี.99 ออโต้เซอร์วิส บจก.,"0-2944-5658-9 , 08-1632-5666",15/257 ม.11 ซ.นวลจันทร์ 44 ถ.นวลจันทร์ ขว.คลองกุ่ม เขตบึงกุ่ม กรุงเทพฯ 10230,
กรุงเทพมหานคร,บึงกุ่ม,แจแปนนีส คาร์ รีแพร์ บจก.,0-2510-7655,42/133 ม.10 ถ.นวมินทร์ แขวงคลองกุ่ม เขตบึงกุ่ม กรุงเทพฯ 10230,
กรุงเทพมหานคร,บึงกุ่ม,แซดแอนด์จี ออโตโมทีฟ บจก.,"0-2732-5965, 0-2732-5967",12/13 ม.2 ถ.เสรีไทย แขวงคลองกุ่ม เขตบึงกุ่ม กรุงเทพฯ 10240,
กรุงเทพมหานคร,บึงกุ่ม,นวมินทร์ การาจ บจก.,"0-2949-7223-5 , 08-5900-2211",19/41 ม.7 ซ.นวมินทร์ 103 ถ.นวมินทร์ ขว.คลองกุ่ม เขตบึงกุ่ม กรุงเทพฯ 10230,
กรุงเทพมหานคร,บึงกุ่ม,นวมินทร์ฮอนด้า ออโตโมบิล บจก.,0-2510-3389,15/2-4 ม.7 ถ.นวมินทร์ แขวงคลองกุ่ม เขตบึงกุ่ม กรุงเทพฯ 10230,
กรุงเทพมหานคร,บึงกุ่ม,พี.พี.เอ็ม. การาจ หจก.,0-2732-4711-2,38/13 ม.1 ซ.ไชยนุชิต ถ.สุขาภิบาล2 แขวงคลองกุ่ม เขตบึงกุ่ม กรุงเทพฯ 10240,
กรุงเทพมหานคร,บึงกุ่ม,วินัย ออโต้ เซอร์วิส อู่,"0-2508-0959, 0-2508-1047",18/12 ม.8 ซ.แจ่มจันทร์ ถ.เกษตร-นวมินทร์ แขวงคลองกุ่ม เขตบึงกุ่ม กรุงเทพฯ 10230,
กรุงเทพมหานคร,บึงกุ่ม,ออโต้ เทคนิค (ไทยแลนด์) (CHEVROLET) ,"0-2510-3628-9 , 0-2944-4841",60/145 ซ.นวลจันทร์ ถ.รามอินทรา ขว.คลองกุ่ม เขตบึงกุ่ม กรุงเทพฯ 10240,
กรุงเทพมหานคร,บึงกุ่ม,รุ่งเจริญ พลัส (สาขานวมินทร์) บจก.,0-2947-9988,18 ถ.นวมินทร์ แขวงนวลจันทร์ เขตบึงกุ่ม จ.กรุงเทพฯ 10230,
กรุงเทพมหานคร,ปทุมวัน,ซิตี ้ ออโต้โมบิล บจก.(สาขาถนนวิทยุ) ,0-2651-4545,105 ถ.วิทยุ แขวงลุมพินี เขตปทุมวัน กรุงเทพฯ 10330,
กรุงเทพมหานคร,ปทุมวัน,ที เอส มอเตอร์ หจก.,0-2611-8118,25 ถ.พระรามหก ซ.4 แขวงรองเมือง เขตปทุมวัน กรุงเทพฯ 10330,
กรุงเทพมหานคร,ปทุมวัน,ที เอส มอเตอร์ หจก. (Audi) ,0-2611-8118,25 ถ.พระรามหก ซอย 4,(รองเมืองซอย 2) เขตปทุมวัน กรุงเทพฯ 10330
กรุงเทพมหานคร,ปทุมวัน,ไทยยานยนต์ เซลส์แอนด์เซอร์วิส บจก (B.M.W) ,0-2611-6999 ต่อ 120,10 ว.รองเมือง 5 ถ.รองเมือง ซอย 5 ขว.รองเมือง เขตปทุมวัน กรุงเทพฯ 10330,
กรุงเทพมหานคร,ปทุมวัน,ลุมพินีกระจกยนต์ บจก.,"0-2252-8697-8 , 08-1684-1135",1921 ถ.พระราม 4 ขว.ลุมพินี เขตปทุมวัน กรุงเทพฯ 10330,
กรุงเทพมหานคร,ปทุมวัน,สยามนิสสัน บอดี ้ บจก.(ปทุมวัน) ,"0-2612-5162-7, 08-6329-4430",414 ถนนพญาไท ขว.วังใหม่ เขตปทุมวัน กรุงเทพฯ 10330,
กรุงเทพมหานคร,ประเวศ,กลาสเทค (ประเทศไทย) บจก. (ประเวศ),0-2747-1733-4,"293,295 ถ.ศรีนครินทร์ ขว.หนองบอน เขตประเวศ กรุงเทพฯ 10250",
กรุงเทพมหานคร,ประเวศ,เจริญไทยมอเตอร์เซลส์ บจก. (TOYOTA) ,0-2743-3555 ต่อ 2000-204,69/63 ม.2 ถนน.ศรีนครินทร์ ต.หนองบอน เขตประเวศ กรุงเทพฯ 10250,
กรุงเทพมหานคร,ประเวศ,ซ้งอินฟินิตี ้ บจก.,"0-2322-8918 , 0-2322-5337",2 ซ.ศรีนครินทร์ 47 ถ.ศรีนครินทร์ ขว.หนองบอน เขตประเวศ กรุงเทพฯ 10250,
กรุงเทพมหานคร,ประเวศ,ซัมมิท ฮอนด้า ออโตโมบิล บจก.,0-2398-8888 ต่อ 4,530 ถนนศรีนครินทร์ แขวงหนองบอน เขตประเวศ กรุงเทพมหานคร 10250,
กรุงเทพมหานคร,ประเวศ,โตโยต้า ภูมิพัฒนา บจก. (ประเวศ) ,0-2328-2288,388 ถ.เฉลิมพระเกียรติ ร.9 แขวงหนองบอน เขตประเวศ กรุงเทพฯ 10250,
กรุงเทพมหานคร,ประเวศ,ที.จี.ออโต้บอดี ้ บจก.,02-3984088-9,23/1 เฉลิมพระเกียรติ ร.9 ซอย1 แขวงหนองบอน เขตประเวศ กรุงเทพมหานคร 10250,
กรุงเทพมหานคร,ประเวศ,รักษ์ยนต์ คณะบุคคล (สาขา 2 ),"0-2726-3241 , 081-9241038",3 ซ.เฉลิมพระเกียรติ ร9 ซอย 38 แยก1-1 แขวงหนองบอน เขตประเวศ กรุงเทพฯ,10250
กรุงเทพมหานคร,ประเวศ,ลีออโต้ เซอร์วิส บจก.,"0-2752-8801-3 , 08-1444 1419",26/9 ม.11 ขว.ดอกไม้ ข.ประเวศ กรุงเทพฯ 10250,
กรุงเทพมหานคร,ประเวศ,โตโยต้า ซัมมิท บจก. (สาขา2) ,0-2721-7711,39/19 ม.5 ถ.อ่อนนุช ขว.ประเวศ เขตประเวศ จ.กรุงเทพมหานคร 10250,
กรุงเทพมหานคร,ประเวศ,อ่อนนุช ฮอนด้า ออโตโมบิล บจก.,0-2320-3999,222 ถ.อ่อนนุช แขวงประเวศ เขตประเวศ จ.กรุงเทพฯ 10250,
กรุงเทพมหานคร,ป้ อมปราบศัตรูพ่าย,นิวแบงกอกเทรดดิ ้ง หจก.,"0-2222-1661 , 0-2222-2399",241-220 ถ.บริพัตร์ ข้างวังแดง ขว.บ้านบาตร เขตป้ อมปราบ กรุงเทพฯ 10100,
กรุงเทพมหานคร,ป้ อมปราบศัตรูพ่าย,วีร์ เค กลาส (ป้ อมปราบ) ร้าน ,"0-2223-0171 , 08-6320-0189",68/60 ซ.นาคบ ารุง ถ.บ ารุงเมือง ขว.คลองมหานาค เขตป้ อมปราบ กรุงเทพฯ 10100,
กรุงเทพมหานคร,พญาไท,เค รุ่งเรืองบริการ บจก.,"0-2618-6622-4 , 08-6901-5555",6/9-10 ถ.ย่านพหลโยธิน ขว.สามเสนใน เขตพญาไท กรุงเทพฯ 10400,
กรุงเทพมหานคร,พญาไท,วรจักรยนต์ บจก.(พหลโยธิน) ,0-2619-2000,362 ถ.พหลโยธิน ขว.สามแสนใน เขตพญาไท กรุงเทพฯ 10400 ,
กรุงเทพมหานคร,พญาไท,สตาร์แฟลก บจก.,0-2248-6699,61 ถ.วิภาวดี-รังสิต ต.สามเสนใน อ.พญาไท จ.กรุงเทพฯ 10400,
กรุงเทพมหานคร,พญาไท,อัลฟ่าวิภาวดี บจก.,0-2616-0081-2,355/1 ถ.วิภาวดี-รังสิต ขว.สามเสนใน เขตพญาไท กรุงเทพฯ 10400,
กรุงเทพมหานคร,พญาไท,วอง ฮอนด้า คาร์ส์ บจก.,0-2955-1720,999 ถ.พหลโยธิน แขวงสามเสนใน เขตพญาไท กรุงเทพฯ 10400,
กรุงเทพมหานคร,พระโขนง,ทีทีไอ โกลเบิล ออโต โมทีฟ บจก. (VOLVO) ,0-2744-9009-11,1739/1 ซ.พูนสิน ถ.สุขุมวิท ขว.บางจาก เขตพระโขนง กรุงเทพฯ 10260,
กรุงเทพมหานคร,พระโขนง,ไทยยานยนต์ เซลส์แอนด์เซอร์วิส บจก. (B.M.W) ,"0-2332-3443 , 0-2742-5995 ต่อ 239",2225 ซ.สุขุมวิท 87 ถ.สุขุมวิท ขว.บางนา เขตพระโขนง กรุงเทพฯ 10260,
กรุงเทพมหานคร,พระโขนง,สยามนิสสัน บอดี ้ บจก.(บางจาก) ,"0-2332-7257-9 , 0-2332-7255",3077/5 ถ.สุขุมวิท ขว.บางจาก เขตพระโขนง กรุงเทพฯ 10260,
กรุงเทพมหานคร,พระโขนง,สายน ้าทิพย์ 101 อู่ ,"0-2332-0962-3 , 08-1809-1224",652/3 ซ.ปุณณวดี ถ.สุขุมวิท 101 ขว.บางจาก เขตพระโขนง กรุงเทพฯ 10260,
กรุงเทพมหานคร,พระโขนง,ออโต้แกลเลอรี่ บจก.,0-2332-0046-50,23 ซ.สุขุมวิท 62 ถ.สุขุมวิท แขวงบางจาก เขตพระโขนง 10260,
กรุงเทพมหานคร,พระโขนง,อุดมสุขกระจกรถยนต์ ,"0-2749-5174 , 0-2749-5170",609-611 ถ.สุขุมวิท103 ขว.บางจาก เขตพระโขนง กรุงเทพฯ 10260,
กรุงเทพมหานคร,พระนคร,วรจักรยนต์ บจก.(วิสุทธิกษัตริย์) ,0-2629-4000,257 ถ.วิสุทธิกษัตริย์ ขว.บางขุนพรหม เขตพระนคร 10200,
กรุงเทพมหานคร,ภาษีเจริญ,โตโยต้าสยามออโต้ ชาลอน บจก. (ภาษีเจริญ) ,0-2454-9988,680/2 ถ.เพชรเกษม ขว.บางหว้า เขตภาษีเจริญ กรุงเทพฯ 10160,
กรุงเทพมหานคร,ภาษีเจริญ,ทองเพชรเกษม ออโต้เซอร์วิส บจก.,0-2869-7205-6,1 ซ.เพชรเกษม 46/2 ถ.เพชรเกษม ขว.บางหว้า เขตภาษีเจริญ กรุงเทพฯ 10160,
กรุงเทพมหานคร,ภาษีเจริญ,ที เอ็ม ซี คาร์เซ็นเตอร์ ร้าน ,"0-2410-1912 , 08-1313-7592 , 08-9155-8412",28/2 ม.5 ถ.สายบางแวก ขว.คลองขวาง เขตภาษีเจริญ กรุงเทพฯ 10160,
กรุงเทพมหานคร,ภาษีเจริญ,ภาษีเจริญ ฮอนด้า ออโตโมบิล บจก.,0-2455-8888,689/1 ถ.เพชรเกษม ขว.บางหว้า เขตภาษีเจริญ กรุงเทพฯ 10160,
กรุงเทพมหานคร,ภาษีเจริญ,ไรส์ซิ่ง อิมเม็กซ์ อู่,0-2455-5497-8,14/12 ม.13 แขวงบางหว้า เขตภาษีเจริญ กรุงเทพฯ 10160,
กรุงเทพมหานคร,ภาษีเจริญ,วสุธา ออโต กลาส บจก.,02-467-4671-2,226 ซ.เพชรเกษม 48 ขว.บางด้วน เขตภาษีเจริญ กรุงเทพฯ 10160,
กรุงเทพมหานคร,ภาษีเจริญ,วีร์ เค กลาส (ภาษีเจริญ) ร้าน ,"08-9921-9080 , 08-9825-9998",ซ.จรัฐสนิทวงศ์ 13 ถ.จรัญสนิทวงศ์ ขว.บางแวก เขตภาษีเจริญ กรุงเทพฯ 10160,
กรุงเทพมหานคร,ภาษีเจริญ,เอกกิจออโต้ การาจ อู่,0-2804-7273-4,18 ซ.เพชรเกษม 39 แยก1 แขวงบางหว้า เขตภาษีเจริญ กทม. 10160,
กรุงเทพมหานคร,ภาษีเจริญ,แอคทีฟ การาจ หจก.,"0-2861 9487-8 , 08 1801 9810",96/2 ม.6 ซ.จรัญสนิทวงศ์ 13 ถ.จรัญสนิทวงศ์ ขว.บางแวก เขตภาษีเจริญ กรุงเทพฯ 10160,
กรุงเทพมหานคร,ภาษีเจริญ,นที ออโตโมบิล บจก.,0-2457-2288-91,208 ถ.ราชพฤกษ์ แขวงบางจาก เขตภาษีเจริญ ,
กรุงเทพมหานคร,มีนบุรี,กลาสเซฟเวอร์ บจก.,"0-2543-8377, 09-2117-1413",166 ถ.ร่มเกล้า แขวงมีนบุรี เขตมีนบุรี 10510,
กรุงเทพมหานคร,มีนบุรี,โตโยต้า ภูมิพัฒนา บจก. (มีนบุรี) ,0-2919-5911,31 ม.13 ถ.สุวินทวงศ์ ขว.แสนแสบ เขตมีนบุรี กรุงเทพฯ 10510,
กรุงเทพมหานคร,มีนบุรี,สุวินทวงศ์ ฮอนด้า ออโตโมบิล บจก.,0-2919-5222,137 ถ.สุวินทวงศ์ แขวงแสนแสบ เขตมีนบุรี กรุงเทพฯ 10510
กรุงเทพมหานคร,ยานนาวา,โยโกตะ มอเตอร์ (ไทยแลนด์) บจก.,0-2295-0070,181 ถนนยานนาวา แขวงบางโพงพาง เขตยานนาวา กทม 10120
กรุงเทพมหานคร,ยานนาวา,กลาสเทค (ประเทศไทย) บจก. (นราธิวาสราชนครินทร์),"0-2285-3510-1, 08-5911-0664",247 ซ.นราธิวาสราชนครินทร์ แขวงช่องนนทรี เขตยานนาวา 10500
กรุงเทพมหานคร,ยานนาวา,ซิตี ้ ออโต้โมบิล บจก.(สาขาสาธุประดิษฐ์) ,0-2674-3600,507/581 ถ.สาธุประดิษฐ์ แขวงช่องนนทรี เขตยานนาวา กรุงเทพฯ 10120
กรุงเทพมหานคร,ยานนาวา,บางกอกเพ้นท์ติ ้ง บจก.,"0-2683-8287, 0-2683-8891",550/4 ซ.พัฒนาการ1 ถ.สาธุประดิษฐ์ ขว.บางโพงพาง เขตยานาวา กรุงเทพฯ 10120
กรุงเทพมหานคร,ยานนาวา,ไทยออโต้กลาส (พระราม3) บจก.,0-2295-0566-8,578/1 ถ.พระราม3 ขว.บางโพงพาง ข.ยานนาวา กรุงเทพฯ 10120
กรุงเทพมหานคร,ยานนาวา,พระราม 3 กรุ๊ป ฮอนด้า ออโตโมบิล บจก.,0-2285-2098,358 ถ.นราธิวาสราชนครินทร์ 3 ขว.ช่องนนทรี เขตยานนาวา กรุงเทพฯ 10120
กรุงเทพมหานคร,ยานนาวา,พระราม 3 ฮอนด้าคาร์ส บจก.,0-2294-8118,707 ถ.พระราม 3 ขว.บางโพงพาง เขตยานาวา กรุงเทพฯ 10120
กรุงเทพมหานคร,ยานนาวา,เพทายไฮเปอร์กระจกรถยนต์ บจก.,0-2294-9326-8,"615,617 ถ.พระราม 3 ขว.บางโพงพาง เขตยานาวา กรุงเทพฯ 10120"
กรุงเทพมหานคร,ยานนาวา,ร้าน อู่ ช.สยามยนต์,"0-2249-2095, 0-2249-2117",9 ซ.72 ถ.เชื ้อเพลิง แขวงช่องนนทรี เขตยานาวา กรุงเทพฯ 10120
กรุงเทพมหานคร,ยานนาวา,รินทร์บริการ อู่ ,0-2682-3254,570/15 ซ.44/1 ถ.สาธุประดิษฐ์ ขว.บางโพงพาง เขตยานาวา กรุงทพฯ 10120
กรุงเทพมหานคร,ยานนาวา,วาไรตี ้ คาร์ รีแพร์ บจก.,0-2683-9978-9,203 ซ.สาธุประดิษฐ์58 แยก17 แขวงบางโพงพาง เขตยานนาวา กรุงเทพฯ 10120
กรุงเทพมหานคร,ยานนาวา,ศ.ชัยยนต์การาจ หจก.,0-2295-2038-9,584 ถ.พระราม3 แขวงบางโพงพาง เขตยานนาวา กรุงเทพฯ 10120
กรุงเทพมหานคร,ยานนาวา,กุลนที การาจ บจก.,0-2683-5434,595/1 ซ.ตลาดศธรทิพย์ ถ.รัชดาภิเษก แขวงบางโพงพาง เขตยานนาวา กรุงเทพฯ 10120
กรุงเทพมหานคร,ราชเทวี,ซัมมิท ฮอนด้า ออโตโมบิล บจก.,0-2247-2211 ต่อ 110/112,350 ถนนศรีอยุธยา แขวงพญาไท เขตราชเทวี กรุงเทพมหานคร 10400
กรุงเทพมหานคร,ราชเทวี,ป.อุรุพงษ์ ร้าน ,"0-2215-6581 , 0-2216-0428",984/6-7 ถ.พระราม 6 ขว.ถนนเพชรบุรี เขตราชเทวี กรุงเทพฯ 10400
กรุงเทพมหานคร,ราชเทวี,ออโต้ เทคนิค (ประเทศไทย) บจก.,0-2255-9300,1494 ถ.เพชรบุรีตัดใหม่ ขว.มักกะสัน เขตราชเทวี กรุงเทพฯ 10400
กรุงเทพมหานคร,ราชเทวี,อัญชลียนต์ อู่,"0-2215-1565 , 0-2215-8298",239 ซ.พญานาค ถ.บรรทัดทอง ขว.ถนนเพชรบุรี เขตราชเทวี กรุงเทพฯ 10400
กรุงเทพมหานคร,ราษฎร์บูรณะ,ชอเส็งบอดี ้เซอร์วิส หจก.,0-2428-7888,8 ซ.ราษฎร์บูรณะ12 ถ.ราษฎร์บูรณะ ขว.บางปะกอก เขตราษฎร์บูรณะ กรุงเทพฯ 10140
กรุงเทพมหานคร,ราษฎร์บูรณะ,ไทยเฮงหลี เซอร์วิส การาจ บจก.,"0-2427-1470 , 0-2427-6802",320 ม.9 ถ.ประชาอุทิศ ซ.ประชาอุทิศ 23 ขว.บางปะกอก เขตราษฎร์บูรณะ กรุงเทพฯ 10140
กรุงเทพมหานคร,ราษฎร์บูรณะ,วัฒนา มอเตอร์ไซด์ ร้าน ,"0-2427-7572 , 0-2427-2223",380 ม.9 ซ.ประชาอุทิศ 23 ถ.ปราอุทิศ ขว.ราษฎร์บูรณะ เขตราษฎร์บูรณะ กรุงเทพฯ 10140
กรุงเทพมหานคร,ราษฎร์บูรณะ,ศ.วิวรรธน์ การาจ บจก.,"0-2463-8476 , 0-2818-2804",18 ซ.สุขสวัสดิ์ 52/1 ถ.สุขสวัสดิ์ ขว.ราษฎร์บูรณะ เขตราษฎร์บูรณะ กรุงเทพฯ 10140
กรุงเทพมหานคร,ลาดกระบัง,บีพี คาร์ เซอร์วิส บจก.,089-891-5059,123/4 ถ.ร่มเกล้า ขว.คลองสามประเวศ เขตลาดกระบัง กรุงเทพฯ 10520
กรุงเทพมหานคร,ลาดกระบัง,ส.สมจิตร มอเตอร์ หจก.,"0-2734-4404 , 08-9699-4159",169/1 ม.4 ถ.อ่อนนุช - ลาดกระบัง ขว.ลาดกระบัง เขตลาดกระบัง กรุงเทพฯ 10250
กรุงเทพมหานคร,ลาดกระบัง,แกรนด์ฮอนด้า ออโตโมบิล บจก.,0-2181-2222 ต่อ113,845/1-2 ถ.ลาดกระบัง ขว.ลาดกระบัง เขตลาดกระบัง กรุงเทพฯ 10520
กรุงเทพมหานคร,ลาดพร้าว,เค.วี.ยนตรการ บจก.,0-2538-4685,21/13 ม.13 ซ.โชคชัย 4 ย่อย 70 ถ.ลาดพร้าว 53 ขว.ลาดพร้าว เขตลาดพร้าว กรุงเทพ 10230
กรุงเทพมหานคร,ลาดพร้าว,ซี.วี.พี.การาจ หจก.,"0-2570-9659, 08-1668-8234",51/172 ม.2 ซ.พวงทอง ถ.สุคนธสวัสดิ์ แขวงลาดพร้าว เขตลาดพร้าว 10230
กรุงเทพมหานคร,ลาดพร้าว,ลาดพร้าวการาจ อู่ ,0-2932-5637-8,12/81 ม.6 ซ.สหกรณ์ 4 ถ.ลาดพร้าว 71 ขว.งลาดพร้าว เขตลาดพร้าว กรุงเทพฯ 10230
กรุงเทพมหานคร,ลาดพร้าว,วลัญช์ชัย ออโต้ กรุ๊ป อู่,"0-2570-5785, 0-2940-3949",61 ถ.ลาดปลาเค้า แขวงลาดพร้าว เขตลาดพร้าว กรุงเทพฯ 10230
กรุงเทพมหานคร,ลาดพร้าว,สิริ การาจ บจก.,"0-2570-6378, 0-2940-3750",3 ซ.ลาดปลาเค้า 49 แขวงจรเข้บัว เขตลาดพร้าว กรุงเทพฯ 10230
กรุงเทพมหานคร,ลาดพร้าว,เอกอินทราฮอนด้า ออโตโมบิล บจก.,0-2553-8000,55 ม.5 ถ.ประดิษฐ์มนูธรรม ขว.ลาดพร้าว เขตลาดพร้าว กรุงเทพฯ 10230
กรุงเทพมหานคร,วังทองหลาง,เค.อาร์ อะไหล่ยนต์ บจก.,"0-2539-4279 , 08-1927-7388",435 ซ.ลาดพร้าว 94 ขว.วังทองหลาง เขตวังทองหลาง กรุงเทพฯ 10310
กรุงเทพมหานคร,วังทองหลาง,เซอร์ไพรซ์การช่าง หจก.,"0-2539-3983 , 0-2530-2626-7, 0-2933-0641",63 ซ.ลาดพร้าว 71 ถ.ลาดพร้าว ขว.วังทองหลาง เขตวังทองหลาง กรุงเทพฯ 10310
กรุงเทพมหานคร,วังทองหลาง,เตชะจรัส ฮอนด้า ออโตโมบิล บจก.,0-2935-0000,2701/8-9 ถ.ลาดพร้าว ขว.คลองเจ้าคุณสิงห์ เขตวังทองหลาง จ.กรุงเทพมหานคร 10310
กรุงเทพมหานคร,วัฒนา,สุขุมวิท ฮอนด้า ออโตโมบิล บจก.,0-2391-6000 ต่อ 8221-3,1319 ถ.สุขุมวิท ขว.พระโขนงเหนือ เขตวัฒนา จ.กรุงเทพฯ 10110
กรุงเทพมหานคร,สวนหลวง,เจเอส ยนต์เซอร์วิส 2011 บจก.,"0-2321-1101 , 0-2322-8840-1","30,32 ซ.อ่อนนุช 46 ถ.สุขุมวิท 77 แขวงสวนหลวง เขตสวนหลวง กทม. 10250"
กรุงเทพมหานคร,สวนหลวง,ณรงค์วิทย์ ออโต้เซลส์ บจก.,0-2318-2548,3488 ถ. เพชรบุรี แขวงสวนหลวง เขตสวนหลวง กทม. 10250
กรุงเทพมหานคร,สวนหลวง,นครินทร์ ฮอนด้าคาร์ส บจก.,0-2722-6926-32,888 ถ.ศรีนครินทร์ ขว.สวนหลวง เขตสวนหลวง กรุงเทพฯ 10250
กรุงเทพมหานคร,สวนหลวง,พัฒนาการ ฮอนด้า ออโตโมบิล บจก.,0-2710-9999,88 ซ.พัฒนาการ 30 ถ.พัฒนาการ แขวงสวนหลวง เขตสวนหลวง กรุงเทพฯ 10250
กรุงเทพมหานคร,สวนหลวง,พาราวินเซอร์ บจก. (TOYOTA) ,0-2720-5430-32,444 ม.4 ถ.พัฒนาการ ขว.สวนหลวง เขตสวนหลวง กรุงเทพฯ 10250
กรุงเทพมหานคร,สวนหลวง,สมาร์ช คาร์ บจก.,0-2720-5084-85,293 ซ.อ่อนนุช39 ถ.อ่อนนุช แขวงสวนหลวง เขตสวนหลวง กรุงเทพฯ 10250
กรุงเทพมหานคร,สวนหลวง,สวนหลวง ออโต้เฮ้าส์ บจก.,0-2322-5999,1114 ถ.ศรีนครินทร์ ขว.สวนหลวง เขตสวนหลวง กรุงเทพฯ 10250
กรุงเทพมหานคร,สวนหลวง,สายสี่กระจกโค้ง (ศรีนครินทร์) ร้าน ,"0-2321-2270 , 08-9689-7923",996 ถ.ศรีนครินทร์ ขว.สวนหลวง ข.สวนหลวง กรุงเทพฯ 10250
กรุงเทพมหานคร,สะพานสูง,นิว เอส.เค. เซอร์วิส บจก.,"02-0102572, 08-9686-6111, 08-6342-1688",29/5 ซ.กรุงเทพกรีฑา 37 ขว.สะพานสูง เขตสะพานสูง กรุงเทพฯ 10240
กรุงเทพมหานคร,สะพานสูง,เกศรี 2 การกระจก ร้าน ,0-2373-4795,25/9 ซ.รามค าแหง 124 ถ.รามค าแหง ขว.สะพานสูง เขตสะพานสูง กรุงเทพฯ 10240
กรุงเทพมหานคร,สะพานสูง,ไทยออโต้กลาส (รามค าแหง) บจก.,"0-2728-1075-6 , 0-2728-11750-2","340,342 ถ.รามค าแหง ขว.สะพานสูง ข.สะพานสูง กรุงเทพฯ 10240"
กรุงเทพมหานคร,สะพานสูง,สุขาภิบาล 3 ฮอนด้า ออโต้โมบิล ,0-2373-9999,245 ถ.รามค าแหง ขว.สะพานสูง เขตสะพานสูง กรุงเทพฯ 10240
กรุงเทพมหานคร,สะพานสูง,ท๊อปนอท์ช กลาส บจก. (รามค าแหง),0-2917-2071,"401,403 ถ.รามค าแหง 179 ขว.สะพานสูง เขตสะพานสูง กรุงเทพฯ 10240"
กรุงเทพมหานคร,สัมพันธ์วงศ์,พระราม 3 ฮอนด้าคาร์ บจก.(สาขา6) ,0-2232-2888,23/34-35 ถ.ตรีมิตร ขว.ตลาดน้อย เขตสัมพันธ์วงศ์ กทม. 10100
กรุงเทพมหานคร,สาทร,เอ็มบีเค เจแปน บจก.,"0-2678-5513, 0-2678-7714",46/3 ถนนนางลิ ้นจี่ แขวงทุ่งมหาเมฆ เขตสาทร กรุงเทพฯ 10120
กรุงเทพมหานคร,สาทร,พระราม 3 กรุ๊ป ฮอนด้า ออโตโมบิล บจก.,0-2676-9322,1/3 ถ.นราธิวาสราชนครินทร์ 3 ขว.ทุ่งวัดดอน เขตสาทร กรุงเทพฯ 10130
กรุงเทพมหานคร,สาทร,ส.วัฒนายนต์ อู่ บจก.,"0-2678-5558, 0-2286-1944",62/5 ถ.นางลิ ้นจึ่ แขวงทุ่งมหาเมฆ เขตสาทร กรุงเทพฯ 10120
กรุงเทพมหานคร,สายไหม,โตโยต้าสยามออโต้ ชาลอน บจก. (สายไหม) ,0-2533-3600,167 ม.1 ถ.สุขาภิบาล 5 ขว.ออเงิน เขตสายไหม กรุงเทพฯ 10220
กรุงเทพมหานคร,สายไหม,แบมบู มอเตอร์ อู่ (วัชรพล) ,"0-2994-0659 , 08-1922-4657",18/50 ซ.วัชรพล ถ.รามอินทรา ขว.คลองถนน เขตสายไหม กรุงเทพฯ 10220
กรุงเทพมหานคร,สายไหม,พหลโยธินกระจกรถยนต์ หจก.,0-2532-2207-8,489/10-12 หมู่ 6 ถ.พหลโยธิน ขว.สายไหม ข.สายไหม กรุงเทพฯ 10220
กรุงเทพมหานคร,สายไหม,วี.ไอ.พี.ยูโร คาร์สเซ็นเตอร์ บจก.,"0-2998-2291, 0-2998-2294-5",60/1-4 ม.7 ซ.จตุโชติ ถ.สุขาภิบาล 5 ขว.ออเงิน เขตสายไหม กรุงทพฯ 10220
กรุงเทพมหานคร,สายไหม,โตโยต้ามหานคร บจก. (สาขา4) ,0-2694-4333 ต่อ 401-404,777 ม.2 ถ.สายไหม แขวงสายไหม เขตสายไหม จ.กรุงเทพฯ 10220
กรุงเทพมหานคร,สายไหม,วอง ฮอนด้า คาร์ส์ บจก. (สายไหม),0-2193-1122,1 ถ.สุขาภิบาล5 แขวงอออเงิน เขตสายไหม จ.กรุงเทพฯ 10220
กรุงเทพมหานคร,หนองแขม,ตามออโต้ เซอร์วิส บจก.,0-2807-4447-8,85/1 ถ.เพชรเกษม ขว.หนองค้างพลู ข.หนองแขม กทม. 10160
กรุงเทพมหานคร,หนองแขม,เพอร์เฟคท์ ออโต้กลาส บจก.,"0-2810-8973, 0-2810-7986",776 ถ.เพชรเกษม ขว.หนองค้างพลู เขตหนองแขม กรุงเทพฯ 10160
กรุงเทพมหานคร,หนองแขม,รี-บิลท์ บอดี ้ หจก.,0-2807-8282,260/1 ถ.เลียบคลองภาษีเจริญฝั่งเหนือ ขว.หนองแขม เขตหนองแขม กรุงเทพฯ 10160
กรุงเทพมหานคร,หนองแขม,สยามนิสสัน บอดี ้ บจก.(หนองแขม) ,0-2809-6701-4,33/55 ถ.เพชรเกษม ม.7 ขว.หนองค้างพลู เขตหนองแขม กรุงเทพฯ 10160
กรุงเทพมหานคร,หนองจอก,เอส ซี การาจ บจก.,"0-2159-8193-95, 08-2960-1441",32/6-7 ม.2 ถ.ประชาราษ แขวงคลองสิบสอง เขตหนองจอก จ.กรุงเทพฯ 10530
กรุงเทพมหานคร,หลักสี่,กู๊ด ชัวร์ กลาส (แจ้งวัฒนะ) บจก.,0-2982-8501-3,299/30-2 หมู่ 4 ถนนแจ้งวัฒนะ แขวงทุ่งสองห้อง เขตหลักสี่ กรุงเทพฯ 10210
กรุงเทพมหานคร,หลักสี่,บางกอก ออโต้กลาส (หลักสี่) บจก.,0-2973-5537-8,40/9 ม.3 ถ.วิภาวดีรังสิต ขว.ตลาดบางเขน เขตหลักสี่ กรุงเทพฯ 10210
กรุงเทพมหานคร,หลักสี่,พรสมบัติ คาร์เซอร์วิส อู่,"0-2982-8272, 0-2982-8336, 08-3187-8165",102 ม.4 ซ.แจ้งวัฒนะ13 แขวงทุ่งสองห้อง เขตหลักสี่ กรุงเทพฯ 10210
กรุงเทพมหานคร,ห้วยขวาง,ทวีพงษ์เซอร์วิส หจก.,"0-2277-1519, 0-2275-3951",,82 ซ.สุนทรศิริ ถ.ประชาราษฎร์บ าเพ็ญ ขว.ห้วยขวาง เขตห้วยขวาง กรุงเทพฯ 10310,
กรุงเทพมหานคร,ห้วยขวาง,พระรามเก้า ฮอนด้าคาร์ส บจก.,0-2719-6830-9,,819 ถ.พระรามเก้า ขว.บางกะปิ เขตห้วยขวาง กรุงเทพฯ 10310,
กรุงเทพมหานคร,ห้วยขวาง,เพชรบุรีตัดใหม่ ฮอนด้าคาร์ส บจก.,0-2652-7500,,1757 ถ.เพชรบุรีตัดใหม่ ขว.บางกะปิ เขตห้วยขวาง กรุงเทพฯ 10320,
กรุงเทพมหานคร,ห้วยขวาง,วรจักรยนต์ บจก.(เพชรบุรีตัดใหม่) ,0-2716-5801-6,,2388 ถ.เพชรบรีตัดใหม่ ขว.บางกะปิ เขตห้วยขวาง กรุงเทพฯ 10310,
กรุงเทพมหานคร,ห้วยขวาง,เอ็ม แอนด์ เอ ออโต้ บอดี ้ รีแพร์ เซอร์วิส บจก.,"0-2277-6821, 0-2277-5659",,22/1 ซ.หัสดิเสวี ถ.สุทธิสารวินิจฉัย ขว.ห้วยขวาง เขตห้วยขวาง กรุงเทพฯ 10310,
กรุงเทพมหานคร,ห้วยขวาง,เอส.ซี.จี.ออโต้อิมพอร์ต บจก.,0-2692-6299,,222/17 ถ.รัชดาภิเษก ขว.ห้วยขวาง เขตห้วยขวาง กรุงเทพฯ 10310,
กรุงเทพมหานคร,ห้วยขวาง,โตโยต้ากรุงเทพยนต์ บจก.,0-2319-9876,,801 ถ.พระราม9 แขวงบางกะปิ เขตห้วยขวาง กรุงเทพมหานคร 10310,
กรุงเทพมหานคร,ห้วยขวาง,วีรชัยการช่าง อู่ ,"0-2277-5206, 0-2692-6225-6",,202 ซ.ประชาราษฎร์บ าเพ็ญ5 ขว.ห้วยขวาง เขตห้วยขวาง กรุงเทพฯ 10320,
กรุงเทพมหานคร,ห้วยขวาง,โตโยต้า ซัมมิท บจก. (สาขา3) ,0-2643-0011,,44 ถ.รัชดาภิเษก ขว.ห้วยขวาง เขตห้วยขวาง จ.กรุงเทพมหานคร 10310,
นนทบุรี,บางกรวย,555 ยานยนต์ บจก.,0-2422-2438,,555 ม.2 ต.บางขุนกอง อ.บางกรวย จ.นนทบุรี 11130,
นนทบุรี,บางกรวย,กลาสเทค (ประเทศไทย) บจก. (พระราม5),0-2422-2157-8,,37/21 ม.2 ถ.ราชพฤกษ์ ต.บางขุนกอง อ.บางกรวย จ.นนทบุรี 11130,
นนทบุรี,บางกรวย,ณัฐ กระจกรถยนต์,"08-1487-0208, 08-4771-7508",,134/12-13 ม.7 ถ.กาญจนาภิเษก ต.บางคูเวียง อ.บางกรวย จ.นนทบุรี 11130,
นนทบุรี,บางกรวย,ดี.ดี.เซอร์วิส แอนด์ การาจ บจก.,"0-2443-0120, 081-726-4339",,40/14 ม.8 ถ.บางกรวย-ไทรน้อย ต.บางกรวย อ.บางกรวย จ.นนทบุรี 11130,
นนทบุรี,บางกรวย,บัญชากลการ แอนด์เซอร์วิส บจก.,0-2446-0612,,45/100 ม.5 ต.บางกรวย อ.บางกรวย จ.นนทบุรี 11130,
นนทบุรี,บางกรวย,พีอาร์ ออโต้คาร์ เซอร์วิส บจก.,"02-879-8441, 089-645-4889",,14/5 ม.3 ถ.วัดสักโคนอน ต.บางขนุน อ.บางกรวย จ.นนทบุรี 11130,
นนทบุรี,บางกรวย,วัลแคน (2013) บจก.,"0-2449-6270, 08-1487-0208",,131/10 ม.7 ถ.เสรีไทย ต.บางคูเวียง อ.บางกรวย จ.นนทบุรี 11130,
นนทบุรี,บางกรวย,หงษ์อนันต์คาร์แคร์ บจก.,"0-2447-1516-7, 08-1838-2880",,117/9 ม.2 ถ.บางกรวย-ไทรน้อย ต.บางสีทอง อ.บางกรวย จ.นนทบุรี 11130,
นนทบุรี,บางกรวย,เอ็น ซี เอ็ม ออโต้ เซอร์วิส บจก.,0-2408-8489,,42/3 ม.2 ต.บางขนุน อ.บางกรวย จ.นนทบุรี 11130,
นนทบุรี,บางกรวย,เอส ออโต้ เซอร์วิส แอนด์ มูฟ บจก.,0-2443-0003-5,,80/7 ม.3 ต.บางขนุน อ.บางกรวย จ.นนทบุรี 11130,
นนทบุรี,บางบัวทอง,โตโยต้า นนทบุรี บจก. (บางบัวทอง) ,0-2571-2299 ต่อ 400-402,,99 / 9 ม.13 ถ.ตลิ่งชัน-สุพรรณบุรี ต.บางบัวทอง อ.บางบัวทอง จ.นนทบุรี 11110,
นนทบุรี,บางบัวทอง,โตโยต้า เอกนิมิตไทย บจก.,0-2595-1234,,45 ม.5 ถ.รัตนาธิเบศร์ ต.บางรักใหญ่ อ.บางบัวทอง จ.นนทบุรี 11110,
นนทบุรี,บางบัวทอง,นนทบุรี ฮอนด้าคาร์ส (บางบัวทอง) บจก.,"0-2927-9955-7, 0-2921-2364-5",,234 ม.4 ถ.ตลิ่งชัน-สุพรรณบุรี อ.บางบัวทอง จ.นนทบุรี 11000,
นนทบุรี,บางบัวทอง,มนฑกานต์ กรุ๊ป บจก.,0-2979-9245-6,,21/02 ม.5 ถ.บ้านกล้วย-ไทยน้อย ต.พิมลราช อ.บางบัวทอง จ.นนทบุรี,
นนทบุรี,บางบัวทอง,อู่ พี.ซี.ซี. บจก.,"0-2571-2118-9 , 086-340-1987",,88 ม.3 ถ.บางกรวย-ไทรน้อย ต.บางบัวทอง อ.บางบัวทอง จ.นนทบุรี 11110,
นนทบุรี,บางบัวทอง,เอ็น ซี อินเตอร์เนชั่นแนล (บางบัวทอง) บจก.,0-2926-6869,,88/34 ม.6 ต.บางรักพัฒนา อ.บางบัวทอง จ.นนทบุรี 11110,
นนทบุรี,บางบัวทอง,เอ็น ซี อินเตอร์เนชั่นแนล (รัตนาธเบศร์) บจก.,0-2926-6869,,144/1-144/4 ถ.รัตนาธิเบศร์ ต.บางรักพัฒนา อ.บางบัวทอง จ.นนทบุรี 11110,
นนทบุรี,บางบัวทอง,เอ็ม เอ็น บี ออโต้พาร์ท หจก.,0-2925-2491-2,,93/50 ถ.ตลิ่งชัน-สุพรรณบุรี ต.บางรักพัฒนา อ.บางบัวทอง จ.นนทบุรี 11110,
นนทบุรี,บางบัวทอง,เอส.เค.ชัวร์ บจก.,0-2923-0555,,63/8 ม.13 ต.บางบัวทอง อ.บางบัวทอง จ.นนทบุรี 11110,
นนทบุรี,บางบัวทอง,ที เอส ออโต้ เซลส์ บจก.,0-2571-1999,,83/5 ม.3 ถ.กาญจนาภิเษก ต.พิมลราช อ.บางบัวทอง จ.นนทบุรี 11110,
นนทบุรี,บางบัวทอง,วีเอส คาร์ บอดี ้ เซ็นเตอร์ หจก.,0-2924-8888,,17/5 ม.5 ต.บางบัวทอง อ.บางบัวทอง จ.นนทบุรี 11110,
นนทบุรี,บางใหญ่,วี.เอส.คาร์ บอดี ้ เซอร์วิส หจก.,0-2924-8888,,11/11 ม.14 ถ.ตลิ่งชัน-สุพรรณบุรี ต.บางม่วง อ.บางใหญ่ จ.นนทบุรี 11140,
นนทบุรี,บางใหญ่,อู่ณรงค์การช่าง บจก.,"0-2927-3548-9, 08-5004-9452, 08-9822-3118",,"59/11, 12 ม.1 ถ.บางกรวย-ไทรน้อย ต.บางเลน อ.บางใหญ่ จ.นนทบรี 11140",
นนทบุรี,บางใหญ่,ไช แอม ออโต้กลาส แอนด์ ฟิล์ม บจก.,0-2449-4753,,23/1 ม.3 ต.บางม่วง อ.บางใหญ่ จ.นนทบุรี 11140,
นนทบุรี,ปากเกร็ด,กู๊ด ชัวร์ กลาส (ราชพฤกษ์) บจก.,0-2924-4280-3,,62/13-14 หมู่ 1 ถ.ราชพฤกษ์ ต.อ้อมเกร็ด อ.ปากเกร็ด นนทบุรี 11120,
นนทบุรี,ปากเกร็ด,แจ้งวัฒนะ 23 ออโต้ บจก.,02-962-1601-2,,62/43 ม.4 ต.คลองเกลือ อ.ปากเกร็ด จ.นนทบุรี 11120,
นนทบุรี,ปากเกร็ด,ชัยพฤกษ์ยนต์ บจก.,"0-2501-7945 , 0-2501-7295",,39/8 ม.4 ถ.ชัยพฤกษ์ ต.บางพลับ อ.ปากเกร็ด จ.นนทบุรี 11120,
นนทบุรี,ปากเกร็ด,เซอร์กิตเทคนิค บจก.,0-2984-5611,,25/29 ม.4 ต.บางตลาด อ.ปากเกร็ด จ.นนทบุรี 11120,
นนทบุรี,ปากเกร็ด,โตโยต้า นนทบุรี บจก. (ปากเกร็ด) ,0-2962-6000 ต่อ 200-202,,50/29 ม.4 ถ.แจ้งวัฒนะ ต.ปากเกร็ด อ.ปากเกร็ด จ.นนทบุรี,11120
นนทบุรี,ปากเกร็ด,นาริน บอดี ้คาร์ บจก.,0-2924-5400-3,,66 ม.5 ซ.ท่าอิฐ ถ.รัตนาธิเบศน์ ต.ท่าอิฐ อ.ปากเกร็ด จ.นนทบุรี 11120,
นนทบุรี,ปากเกร็ด,เบนซ์แจ้งวัฒนะ บจก.,"0-2575-1111, 0 8 6998 0484",,78/9 ม.1 ถ.แจ้งวัฒนะ ต.คลองเกลือ อ.ปากเกร็ด จ.นนทบุรี 11120,
นนทบุรี,ปากเกร็ด,เมืองทองกระจกรถยนต์ ,"0-2984-4708 , 02-984-5758",,28/115-116 หมู่ 4 ถ.แจ้งวัฒนะ ต.บางตลาด อ.ปากเกร็ด นนทุบรี 11120,
นนทบุรี,ปากเกร็ด,ส สิณีเซอร์วิส บจก.,0-2977-0994-5,,59/4 ม.4 ต.คลองพระอุดม อ.ปากเกร็ด จ.นนทุบุรี 11120,
นนทบุรี,ปากเกร็ด,เอเซียการาจ อู่,"0-2583-0842, 0-2584-2846, 08-1342-6619",,54/5 ม.5 ถ.ภูมิเวท ต.ปากเกร็ด อ.ปากเกร็ด จ.นนทบุรี 11120,
นนทบุรี,ปากเกร็ด,เพาว์เวอร์ลูป เมืองทอง,08-9465-9282,,19/14 ม.5 ซ.หมู่บ้านเดอะคอนเนค ต.บ้านใหม่ อ.ปากเกร็ด จ.นนทบุรี 11120,
นนทบุรี,เมือง,12 มอเตอร์ไบค์ ,"0-2195-7156 , 08-6313-3309 , 08-9921-9080",,105/21 ม.4 ถ.ราชพฤกษ์ ต.บางรักน้อย อ.เมือง นนทบุรี 11000,
นนทบุรี,เมือง,กลาสเทค (ประเทศไทย) บจก. (รัตนาธิเบศน์) ,"0-2527-5850 , 0-2969-8223",,25/22-23 ม.8 ถ.รัตนาธิเบศน์ ต.บางกระสอ อ.เมือง จ.นนทบุรี 11000,
นนทบุรี,เมือง,เค เอ็ม ออโต้ บจก.,"0-2968-0699, 0-2968-0048",,99/545 ม.2 ต.บางกระสอ อ.เมือง จ.นนทบุรี 11000,
นนทบุรี,เมือง,เจริญกรุงกระจกรถยนต์ หจก.,"0-2580-4261 , 08-7501-9009",,57/15 ม.9 ถ.ติวานนท์ ขว.บางกระสอ อ.เมือง จ.นนทบุรี 11000,
นนทบุรี,เมือง,โชคมงคลบริบูรณ์ บจก.,"0-2903-5282, 08-1824-1595",,15/120 ม.4 ต.บางกร่าง อ.เมือง จ.นนทบุรี 11000,
นนทบุรี,เมือง,เซอร์กิตติวานนท์ บจก.,0-2580-6951-3,,9/1 ซ.ติวานนท์43 ถ.ติวานนท์ ต.ท่าทราย อ.เมือง จ.นนทบุรี 11000,
นนทบุรี,เมือง,ติวานนท์วินด์สกรีน หจก.,0-2968-6880,,296/161 ม.9 ซ.ติวานนท์28 ต.บางกระสอ อ.เมือง จ.นนทบุรี 11000,
นนทบุรี,เมือง,โตโยต้า นนทบุรี บจก. (รัตนาธิเบศร์) ,0-2950-5000 ต่อ 4120-4123,,"68 / 29 , 68 / 99 ม.8 ถ.รัตนาธิเบศร์ ต.บางกระสอ อ.เมือง จ.นนทบุรี 11000",
นนทบุรี,เมือง,ทิพย์เจริญ การาจ บจก.,"0-2952-3223-4, 08-1913-1682",,72/1-2 ซ.สามัคคี12 ถ.สามัคคี ต.ท่าทราย อ.เมือง จ.นนทบุรี 11000,
นนทบุรี,เมือง,เทพพนม ออโต้ เซอร์วิส บจก.,"0-2950-7915 , 0-2968-6506",,120/7 ม.9 ซ.เทพพนม ถ.ติวานนท์ ต.บางกระสอ อ.เมือง จ.นนทบุรี 11000,
นนทบุรี,เมือง,น าชัยรัตนาธิเบศร์ บจก.,"0- 2965-5510-5 , 08-1173-5646",,95/20 ซ.ประชาอุทิศ 17 ถ.รัตนาธิเบศร์ ต.บางกระสอ อ.เมือง จ.นนทบุรี 11000,
นนทบุรี,เมือง,แบมบู มอเตอร์ อู่ ,"0 2967-4554 , 0 2967 3994 ต่อ 10",,78/140 ม.4 ซ.ศรีพรสวรรค์ ถ.ประชาราษฎร์ ต.สวนใหญ่ อ.เมือง นนทบุรี 11000,
นนทบุรี,เมือง,พี แอนด์ พี มอเตอร์ไบค์2 หจก.,"0-2195-7261, 0-2195-7262",,105/17 ม.4 ต.บางรักน้อย อ.เมือง จ.นนทบุรี 11000,
นนทบุรี,เมือง,พี แอนด์ อาร์ บอดี ้ การาจ หจก.,"0-2903-4300, 08-1947-0974",,112/12 ม.8 ถ.ท่าน ้านนท์-วัดโบสถ์ ต.บางกร่าง อ.เมือง จ.นนทบุรี 11000,
นนทบุรี,เมือง,มนฑกานต์ยนต์ บจก.,"0-2580-1703, 0-2591-3228, 0-9525-314-5",,232 ม.9 ถ.งาทมวงศ์วาน ต.บางกระสอ อ.เมือง จ.นนทบุรี,
นนทบุรี,เมือง,ยงค์การช่าง 1998 อู่ ,0-2589-5790,086-324-9450,70/1 ม.2 ต.บางเขน อ.เมือง จ.นนทบุรี 11000,
นนทบุรี,เมือง,รักษ์ยนต์ คณะบุคคล (สาขา 1),08-0808-9256,,105/15 ถ.สามัคคี ต.ท่าทราย อ.เมือง จ.นนทบุรี 11000,
นนทบุรี,เมือง,ราชพฤกษ์ คาร์กลาส หจก.,"0-2195-7311-2 , 08-1552-5277",,20/14 ม.2 ถ.ราชพฤกษ์ ต.บางรักน้อย อ.เมือง จ.นนทบุรี 11000,
นนทบุรี,เมือง,เอ็มอีซี 2009 การาจ บจก.,"0-2923-1938-9, 081-701-7369",37/5 ม.1 ต.บางบัวทอง อ.บางบัวทอง จ.นนทบุรี 11110
ปทุมธานี,คลองหลวง,กลาสเทค (ประเทศไทย) บจก. (บางขันธ์) ,0-2902-8995-6,36/2 ม.9 ถ.พหลโยธิน ต.คลองหนึ่ง อ.คลองหลวง จ.ปทุมธานี 12120
ปทุมธานี,คลองหลวง,ก้อง การาจ หจก.,"0-2901-5734, 08-3081-9292",6/41 ม.6 ซ.บงกช 11 ถ.เลียบคลองสอง ต.คลองสอง อ.คลองหลวง จ.ปทุมธานี 12120
ปทุมธานี,คลองหลวง,กู๊ด ชัวร์ กลาส (ธรรมศาสตร์รังสิต) บจก.,0-2902-8682-4,84/9-10 ถ.พหลโยธิน ต.คลองหนึ่ง อ.คลองหลวง จ.ปทุมธานี 12120
ปทุมธานี,คลองหลวง,บางกอก ออโต้กลาส หจก. (สาขาปทุมธานี),0-2908-6807-8,38/12 ม.13 ต.คลองหนึ่ง อ.คลองหลวง จ.ปทุมธานี 12120
ปทุมธานี,คลองหลวง,บี.ที.พลัส. บจก.,0-2901-0977,11/16 ม.5 ซ.5/5 ถ.เลียบคลองสาม ขว.คลองสาม เขตคลองหลวง จ.ปทุมธานี 10120
ปทุมธานี,คลองหลวง,สยามนิสสัน บอดี ้ บจก.(รังสิต) ,0-2902-1095-8,69 ม.4 ถ.พหลโยธิน ต.คลองหนึ่ง อ.คลองหลวง จ.ปทุมธานี 10120
ปทุมธานี,คลองหลวง,สามชัยการราจ บจก.,0-29020072,4/292 ม.3 ซ.หงสกุล ถ.พหลโยธิน ต.คลองหนึ่ง อ.คลองหลวง จ.ปทุมธานี 12120
ปทุมธานี,คลองหลวง,เอส.ดับบลิว. คาร์เซอร์วิส บจก.,0-2902-3245-7,20/5 ม.5 ต.คลองสอง อ.คลองหลวง จ.ปทุมธานี 12120
ปทุมธานี,คลองหลวง,คลองหลวงฮอนด้า ออโตโมบิล บจก.,0-2524-2144,63 ม.7 ต.คลองสอง อ.คลองหลวง จ.ปทุมธานี 12120
ปทุมธานี,คลองหลวง,มิตซู รีพับบลิค บจก.,0-2516-2022,67/5 ม.6 ต.คลองหนึ่ง อ.คลองหลวง จ.ปทุมธานี 12120
ปทุมธานี,คลองหลวง,ช.กรุ๊ป ฮอนด้า ออโต้โมบิล บจก.,0-2908-4030,99/469 ม.10 ถ.พหลโยธิน ต.คลองหนึ่ง อ.คลองหลวง จ.ปทุมธานี 12120
ปทุมธานี,ธัญบุรี,ฮอนด้า เฟิร์ส บจก.,0-2150-5777,848 ถนนเลียบคลองรังสิต ต.ประชาธิปัตย์ อ.ธัญบุรี จ.ปทุมธานี 12130
ปทุมธานี,ธัญบุรี,กู๊ด ชัวร์ กลาส (รังสิต-นครนายกคลองหนึ่ง) บจก.,0-29960-0084-6,"333,335 ถ.รังสิต-นครนายก ต.ประชาธิปัตย์ อ.ธัญบุรี ปทุมธานี 12130"
ปทุมธานี,ธัญบุรี,โตโยต้า พี.เอส เอนเตอร์ไพรซ์ บจก.,0-2533-1666,763 ถ.รังสิต-นครนายก ต.ประชาธิปัตย์ อ.ธัญบุรี จ.ปทุมธานี 12130
ปทุมธานี,ธัญบุรี,ยอดการช่างพัฒนา บจก.,"0-2533-0389 , 0-2996-0936 , 0-2996-2152",93 ซ.รังสิต-นครนายก 25 ซ.5 ต.ประชาธิปัตย์ อ.ธัญบุรี จ.ปทุมธานี 12130
ปทุมธานี,ธัญบุรี,อนุรักษ์ ออโต้ รีแพร์ เซ็นเตอร์ บจก.,0-2549-7216-20,84 ซ.รังสิต-นครนายก 55 ถ.รังสิต-นครนายก ต.ประชาธิปัตย์ อ.ธัญบุรี จ.ปทุมธานี 12130
ปทุมธานี,ธัญบุรี,ธัญบุรีฮอนด้าคาร์ส์ บจก.,0-2904-6590-7,139 ม.4 ถ.รังสิต-องครักษ์ ต.รังสิต อ.ธัญญบุรี จ.ปทุมธานี 12110
ปทุมธานี,ธัญบุรี,วอง ฮอนด้า คาร์ส์ บจก. (ธัญบุรี) ,0-2532-2662,425 ต.ประชาธิปัตย์ อ.ธัญบุรี จ.ปทุมธานี 12130
ปทุมธานี,เมือง,ชัยมงคล 345 บจก.,"0-2976-7007, 08-6337-6055",50/9 ม.2 ต.บางคูวัด อ.เมือง จ.ปทุมธานี 12000
ปทุมธานี,เมือง,ซี อาร์ ออโต้ (2004) บจก.,"0-2978-2961-3 , 0-2978-2919 , 08-1644-3407",40/2 ม.5 ถ.กรุงเทพฯ-ปทุมธานี ต.บางเดื่อ อ.เมือง จ.ปทุมธานี 12000
ปทุมธานี,เมือง,ตาต้าไทยอินเตอร์ 2005 บจก.,0-2976-0157-8,95 ม.8 ซ.เงินล้าน ต.บางคูวัด อ.เมือง จ.ปทุมธานี 12000
ปทุมธานี,เมือง,บอสส์ยานยนต์ หจก. [SSC],0-2958-8837-8,38 ม.5 ต.บางพูด อ.เมือง จ.ปทุมธานี 12000
ปทุมธานี,เมือง,พี.รุ่งเรืองบริการ บจก.,0-2959-5600-5,95/10 ม.3 ซ.วัดดาวเรือง ถ.รังสิต-ปทุมธานี ต.บางพูน อ.เมือง จ.ปทุมธานี 12000
ปทุมธานี,เมือง,เมกา ออโตโมบิล ติวานนท์ บจก.,"0-2501-3535, 0-2501-3081-5",59/3 ม.4 ต.บ้านใหม่ อ.เมือง จ.ปทุมธานี 12000
ปทุมธานี,เมือง,รุ่งเจริญยนต์ ร้าน ,"0-2958-8989 , 08-3602-8442",76/47 ม.5 ถ.รังสิต-บางพูน ต.บางพูน อ.เมือง จ.ปทุมธานี 12000
ปทุมธานี,เมือง,วิโรจน์ การาจ อู่ [CK],0-2963-8496,70/7 ม.5 ซ.ตลาดปู่ โพธิ์ ถ.ติวานนท์ ต.บ้านใหม่ อ.เมือง จ.ปทุมธานี 12000
ปทุมธานี,เมือง,ส.รัชนี ออโต้คาร์ หจก.,0-2959-5470-2,73 ม.3 ถ.รังสิต-ปทุมธานี ต.บางพูน อ.เมืองปทุมธานี 12000
ปทุมธานี,เมือง,เอส.เอส.ออโต้ หจก.,"0-2501-3534 , 0-2961-3973",99/112 ม.1 ต.บ้านใหม่ อ.เมือง จ.ปทุมธานี 12000
ปทุมธานี,เมือง,ด ารงทรัพย์มาสด้า บจก. [2M-ปท],0-2979-6773,140-140/1 ม.2 ถ.ติวานนท์ ต.บ้านกลาง อ.เมือง จ.ปทุมธานี 12000
ปทุมธานี,เมือง,โตโยต้า เภตรา บจก.,0-2979-6773,149 ม.2 ถ.ปทุมธานี-รังสิต ต.บ้านกลาง อ.เมือง จ.ปทุมธานี 12000
ปทุมธานี,เมือง,ซูซูกิ นวนคร บจก.,0-2520-3272,31/7 ม.13 ถ.พหลโยธิน ต.คลองหนึ่ง อ.เคลองหลวง จ.ปทุมธานี 12120
ปทุมธานี,ล าลูกกา,เคกรุ๊ป ฮอนด้าออโตโมบิล บจก.,0-2532-8000 ต่อ205-6,8 ม.7 ถ.ล าลูกกา ต.ลาดสวาย อ.ล าลูกกา จ.ปทุมธานี 12150
ปทุมธานี,ล าลูกกา,พีพีเอส ออโต้เทรด บจก.,0-2533-2222,8/9 ม.7 ถ.พหลโยธิน-ล าลูกกา ต.ลาดสวาย อ.ล าลูกกา จ.ปทุมธานี 12150
ปทุมธานี,ล าลูกกา,วี เอ็น ซี ออโต้กลาส หจก.,"0-2991-1844 , 0-2991-1660",43/1 ม.3 ถ.ล าลูกกา ต.คูคต อ.ล าลูกกา จ.ปทุมธานี 12130
ปทุมธานี,ล าลูกกา,อู่ตึ๋งเซอร์วิส หจก.,"08-1624-7314, 08-1298-2007",5/19 ม.5 ต.ลาดสวาย อ.ล าลูกกา จ.ปทุมธานี 12150
ปทุมธานี,ล าลูกกา,แอล.พี.อาร์. กระจกรถยนต์ หจก.,"0-2900-6117 , 0-2900-6452-3",11/12-13 ม.9 คลองสอง ถ.ล าลูกกา ต.คูคต อ.ล าลูกกา จ.ปทุมานี 12130
ปทุมธานี,ล าลูกกา,บีบี คาร์คัลเลอร์ บจก.,"0-2159-1345, 08-9313-5662",600/117 ม.7 ต.คูคต อ.ล าลูกกา จ.ปทุมธานี 12130
ปทุมธานี,ล าลูกกา,โตโยต้าเฟรนส์ชิบ บจก.,0-29944-377 ต่อ 300,"1/10 ม.7 ต,ลาดสวาย อ.ล าลูกกา จ.ปทุมธานี 12150"
ปทุมธานี,ล าลูกกา,อินตอร์เทค ปทุมธานี ออโต้ เซอร์วิส บจก.,0-2994-5585-6,15/3 ม.8 ต.ลาดสวาย อ.ล าลูกกา จ.ปทุมธานี 12150
ปทุมธานี,สามโคก,เพิ่มพูน พี ที บจก.,0-2581-5968,87/3 ม.2 ต.กระแชง อ.สามโคก จ.ปทุมธานี 12160
สมุทรปราการ,บางบ่อ,บางกอก ออโต้กลาส หจก. (สาขาสมุทรปราการ),0-2338-1405,234/9-10 ม.1 ต.บางบ่อ อ.บางบ่อ จ.สมุทรปราการ 10560
สมุทรปราการ,บางบ่อ,ย่งไท้ล้งการาจ หจก.,"0-2708-6784, 08-1931-0971",111 ม.4 ถ.บางนา-ตราด ต.บางพลีน้อย อ.บางบ่อ จ.สมุทรปราการ 10560
สมุทรปราการ,บางบ่อ,สยามนิสสัน บอดี ้ บจก.(บางนาตราด กม.32),0-2708-6250-3,350 ม.6 ต.บ้านระกาศ อ.บางบ่อ จ.สมุทรปราการ 10560
สมุทรปราการ,พระประแดง,เค.ที.ออโต้ เซอร์วิส บจก.,0-2748-3754-6,11 ม.1 ถ.รางรถไฟสายเก่า หลังอิมพิเรียลเวิลล์ ต.ส าโรง อ.พระประแดง จ.สมุทรปารการ 10130
สมุทรปราการ,พระประแดง,พระประแดง ฮอนด้าคาร์ส์ บจก.,0-2816-1061-4 ต่อ 1222,102 ม.8 ถ.สุขสวัสดิ์ ต.บางจาก อ.พระประแดง จ.สมุทรปราการ 10130
สมุทรปราการ,พระประแดง,สยามนิสสัน บอดี ้ บกจ.(พระประแดง) ,0-2815-5442-3,86 ซ.ไทยเสรี 2 ถ.สุขสวัสดิ์ ต.ในคลองบางปลากด อ.พระสมุทรเจดีย์ จ.สมุทรปราการ 10290
สมุทรปราการ,เมือง,แบริ่ง มอเตอร์ไบค์ อู่ ,0-2758-6224,1313/21 ม.4 ถ.ศรีนครินทร์ ต.ส าโรงเหนือ อ.เมือง จ.สมุทรปราการ 10270
สมุทรปราการ,เมือง,ปากน ้ากระจกรถยนต์ ร้าน ,"0-2173-7788 , 0-2702-8447",88/1 ถ.นารายณ์ปราบศึก ต.ปากน ้า อ.เมือง จ.สมุทรปราการ 10270
สมุทรปราการ,เมือง,รุ่งเจริญ พลัส บจก.,0-2385-1551,1540 ม.6 ถ.เทพารักษ์ ต.เทพารักษ์ อ.เมือง จ.สมุทรปราการ 10270
สมุทรปราการ,เมือง,รุ่งทรัพย์ ออโตโมบิล รีแพร์ เซ็นเตอร์ บจก. [5M-สป],"0-2388-0700, 0-2388-1821",23/326 ม.2 ต.บางเมือง อ.เมือง จ.สมุทรปราการ 10270
สมุทรปราการ,เมือง,รุ่งโรจน์ยนต์ อู่,0-2757-2740-1,999 ม.8 ต.ส าโรงเหนือ อ.เมือง จ.สมุทรปราการ 10270
สมุทรปราการ,เมือง,วรจักรยนต์ บจก.(ศรีนครินทร์) ,0-2702-5000,545/36 ถ.ศรีนครินทร์ ต.ปากน ้า อ.เมือง จ.สมุทรปราการ 10270
สมุทรปราการ,เมือง,วรจักรยนต์ บจก.(สมุทรปราการ) ,0-2743-9555,1/1 ถ.สุขุมวิท ต.ปากน ้า อ.เมือง จ.สมุทรปราการ 10270
สมุทรปราการ,เมือง,ส.รุ่งโรจน์มอเตอร์ อู่ ,"0-2753-9135 , 08-1714-2369 , 08-3244-5897",71 ซ.เทศบาล 13 (นมมะลิ) ถ.สุขุมวิท อ.เมือง จ.สมุทรปราการ 10270
สมุทรปราการ,เมือง,สยามนิสสัน พีทูเอ็ม บจก.,0-2755-7007,55 ม.6 ต.เทพารักษ์ อ.เมือง จ.สมุทรปราการ 10270
สมุทรปราการ,เมือง,อัลฟ่าเซลส์ บจก.,"0-2748-6656-9 , 0-2399-2024 , 0-2399-0870",417/26-29 ม.5 ถ.ศรีนครินทร์ ต.ส าโรงเหนือ อ.เมือง จ.สมุทรปราการ 10270
สมุทรปราการ,เมือง,ฮอนด้าคาร์ส เทพารักษ์ บจก.,0-2757-5730,199/1 ม.1 ถ.เทพารักษ์ อ.เมือง จ.สมุทรปราการ 10270
สมุทรปราการ,เมือง,สยามนิสสัน พีทูเอ็ม บจก. (สาขาเทพารักษ์),"0-2755-7117, 0-2755-7277",55 ม.6 ถ.เทพารักษ์ ต.เทพารักษ์ อ.เมือง จ.สมุทรปราการ 10130
สมุทรปราการ,เมือง,มิตซูรุ่งเจริญ บจก.,02-755-7000,3011 ม.6 ถ.เทพารักษ์ ต.เทพารักษ์ อ.เมือง จ.สมุทรปราการ 10270
สมุทรปราการ,เมือง,โตโยต้า ซัมมิท บจก. (สาขา1) ,0-2759-9631-4,18 ม.7 ต.บางเมือง อ.เมือง จ.สมุทรปราการ 10270
กาญจนบุรี,ท่ามะกา,ช.รุ่งโรจน์ ออโต้ เซอร์วิส อู่,089-8548689,081-8268138,,39/6 หมู่ 6 ต.ท่าไม้ อ.ท่ามะกา จ.กาญจนบุรี 71120
กาญจนบุรี,ท่ามะกา,เอส.พี เซอร์วิส อู่ ,"0-3463-6318 , 08-6330-5412",,,105/1 ถ.ตะคร ้าเอน ต.ตะคร ้าเอน อ.ท่ามะกา จ.กาญจนบุรี 71130
กาญจนบุรี,ท่ามะกา,เมืองกาญจน์ ฮอนด้า ออโตโมบิล บจก.,0-3454-3111,,,11 ม.6 ถ.แสงชูโต ต.ท่าไม้ อ.ท่ามะกา จ.กาญจนบุรี 71120
นครนายก,เมือง,โตโยต้านครนายก บจก.,0-3731-2256-8,,,34 ม.1 ต.ท่าช้าง อ.เมือง จ.นครนายก 26000
นครนายก,เมือง,อู่ยอดการช่างพัฒนา บจก.,0-3734-9848,,,61 ม.6 ต.ทรายมูล อ.องครักษ์ จ.นครนายก 26000
นครปฐม,ก าแพงแสน,ปอเซอร์วิส อู่,"0-3438-4837, 08-1007-4040, 08-1007-6363",,,92/2 ม.18 ต.สระสี่มุม อ.ก าแพงแสน จ.นครปฐม 73140
นครปฐม,ก าแพงแสน,พิสิษฐ์เซฟตี ้กลาส ร้าน ,"0-3428-2490, 08-1880-4030, 08-1481-8100",,,1/23 ม.6 ต.รางพิกุล อ.ก าแพงแสน จ.นครปฐม 73140
นครปฐม,ดอนตูม,ดีที.มอเตอร์ บจก.,0-3496-8790,,,129/14 ม.1 ต.สามง่าม อ.ดอนตูม จ.นครปฐม 73150
นครปฐม,นครชัยศรี,นครชัยศรี ฮอนด้า ออโตโมบิล บจก.,0-3496-6555,,,99/8 ม.3 ถ.เพชรเกษม ต.ศรีษะทอง อ.นครชัยศรี จ.นครปฐม 73120
พระนครศรีอยุธยา,เมือง,ศิวกรกระจกยนต์ หจก.,"0-3534-5023, 0-3534-5565",,120/3 ม.3 ต.คลองสวนพลู อ.เมือง จ.พระนครศรีอยุธยา 13000,
พระนครศรีอยุธยา,เมือง,เอส แอนด์ เอ็น การาจเซอร์วิส บจก.,"0-3574-1103, 08-7817-7775",,51/1 ม.10 ต.ไม้ตรา อ.บางไทร จ.พระนครศรีอยุธยา 13190,
พระนครศรีอยุธยา,เมือง,โตโยต้าอยุธยา บจก.,0-3533-4000,,111 ม.3 ต.คลองสอนพลู อ.เมือง จ.พระนครศรีอยุธยา 13000,
พระนครศรีอยุธยา,วังน้อย,ไทเกอร์ ออโต้คาร์ บจก.,0-3521-4444,,88/8 ม.5 ต.ล าไทร อ.วังน้อย จ.พระนครศรีอยุธยา 13170,
สุพรรณบุรี,เมือง,ช่างน้อย (สุพรรณบุรี) อู่ ,"0-3558-4360, 081-772-3938",109 ม.2 บางตะเคียน อ.สองพี่น้อย จ.สุพรรณบุรี 72160
สุพรรณบุรี,เมือง,วันเพ็ญรุ่งเรือง อู่,"08-4930-0679, 0-3556-5159",19 ม.8 ต.กระจัน อ.อู่ทอง จ.สุพรรณบุรี 72160
สุพรรณบุรี,เมือง,พรสวัสดิ์ บอดีคาร์,0-3552-3230,250 ม.5 ต.ท่าระหัด อ.เมือง จ.สุพรรณบุรี 72000
สุพรรณบุรี,เมือง,มาลาโกสุมเซอร์วิส บจก.,"0-355-5520, 08-7165-4765",268/2 ม.5 ต.รั ้วใหญ่ อ.เมือง จ.สุพรรณบุรี 72000
สุพรรณบุรี,เมือง,ส.เจริญชัย อู่ ,0-3554-6050,241 ม.5 ถ.สุพรรณบุรี-ชัยนาท ต.สนามชัย อ.เมือง จ.สุพรรณบุรี 72000
สุพรรณบุรี,เมือง,ส.เจริญชัยมอเตอร์ อู่ ,0-3554-6050,241/1 ม.5 ถ.สุพรรณบุรี-ชัยนาท ต.สนามชัย อ.เมือง จ.สุพรรณบุรี 72000
สุพรรณบุรี,เมือง,โตโยต้า เมืองสุพรรณ บจก.,0-3551-4888,222 ม.2 ต.ท่าระหัด อ.เมือง จ.สุพรรณบุรี 72000
สุพรรณบุรี,สองพี่น้อง ,สุชาติการช่าง อู่ ,"035-589229,035-541265",293 หมู่ 11 ถ.มาลัยแมน ต.ทุ่งคอก อ.สองพี่น้อง จ.สุพรรณบุรี 72190
สุพรรณบุรี,สองพี่น้อง ,สิริโรจน์ ออโต้ เซอร์วิส บจก.,08-6404-5363,9 ม.4 ต.หนองบ่อ อ.สองพี่น้อง จ.สุพรรณบุรี 72190
สุพรรณบุรี,สามชุก,สถิระ อู่ ,"0-3554-4066, 08-6302-6707, 08-1874-4301",516/3 ม.6 ต.ย่านยาว อ.สามชุก จ.สุพรรณบุรี 72130
สุพรรณบุรี,อู่ทอง,วรกาญจน์อู่ทอง หจก.,"0-3555-2450 , 081-8733858",449 ม.15 ถ.มาลัยแมน ต.จรเข้สามพัน อ.อู่ทอง จ.สุพรรณบุรี 72160
อ่างทอง,เมือง,พี ออโต้อิมเมจ บจก.,0-3561-5990,29/25 ม.2 ต.ศาลาแดง อ.เมือง จ.อ่างทอง 14000
อ่างทอง,เมือง,สยามนิสสันอ่างทอง บจก.,0-3585-0777,9 ถ.อยุธยา-อ่างทอง ต.บ้านอิฐ อ.เมือง จ.อ่างทอง 14000
นครราชสีมา,เมือง,มิตซู ณัฐดนัย บจก.,0-4421-3474-8,,2986 ถ.มิตรภาพ ต.มิตรภาพ อ.เมือง จ.นครราชสีมา 3000
นครราชสีมา,เมือง,ราชสีมา เพอร์เฟอร์แมนซ์ หจก.,"08-6122-2221, 0-4495-9266",,216 ม.3 ต.หมื่นไว อ.เมือง จ.นครราชสีมา 30000
นครราชสีมา,เมือง,ศูนย์สีทรัพย์ทวี หจก. (นครราชสีมา) ,08-0799-9902,0-4435-1203,114/1 ซ.มิตรภาพ 12 ต.ในเมือง อ.เมือง จ.นครราชสีมา 30000
นครราชสีมา,เมือง,แสงสีนิลมอเตอร์ ,"0-4435-1077, 08-9748-7962",,2592/2 ถ.มุขมนตรี ต.ในมือง อ.เมือง จ.นครราชสีมา 30000
นครราชสีมา,เมือง,เอส พี คาร์เซอร์วิส อู่,0-4437-2455,,827 ม.1 ถ.สุรนารายณ์ ต.บ้านเกาะ อ.เมือง จ.นครราชสีมา 3000
นครราชสีมา,เมือง,แอม.เอ.การาจ หจก.,"0-4432-7266, 08-6478-5845",,497 ม.4 บ้านหนองสองห้อง ต.หัวทะเล อ.เมือง จ.นครราชสีมา 30000
บุรีรัมย์,เมือง,ป.ประเสริฐยนต์ หจก.,"0-4466-6464, 08-1547-4338",,333 ม.5 ต.อิสาณ อ.เมือง จ.บุรีรัมย์ 31000
บุรีรัมย์,เมือง,รุจน์หน้า บุรีรัมย์ หจก.,"0-4463-4872, 08-1660-1611, 09-7310-8556",,291 ม.9 ต.อิสาณ อ.เมือง จ.บุรีรัมมย์ 31000
บุรีรัมย์,เมือง,วัฒนกิจรวมช่าง บจก.,"05-8631-5757, 08-9153-3615",,205 ม.6 ต.บ้านยาง อ.เมือง จ.บุรีรัมย์ 31000
บุรีรัมย์,เมือง,วินยานยนต์ บจก.,"044-666-934, 095-545-3823",,99/1 ม.2 ต.อีสาณ อ.เมือง จ.บุรีรัมย์ 31000
บุรีรัมย์,เมือง,โตโยต้าพนมรุ้ง บจก.,0-4411-1888,,555 ม.14 ต.บ้านบัว อ.เมือง จ.บุรีรัมย์ 31000